RegionID,SizeRank,RegionName,RegionType,StateName,2019,2020,2021,2022,2023,CBSA Code,CBSA Title
102001,0,United States,country,,236620.5,257496.41666666666,298450.5,327870.6666666667,329633.6,,
394913,1,"New York, NY",msa,NY,393240.0833333333,425382.9166666667,490401.1666666667,528399.5,542748.2,35620.0,"New York-Newark-Jersey City, NY-NJ"
753899,2,"Los Angeles, CA",msa,CA,632911.1666666666,681175.1666666666,791801.0,864423.6666666666,853707.5,31080.0,"Los Angeles-Long Beach-Anaheim, CA"
394463,3,"Chicago, IL",msa,IL,231426.91666666666,246435.33333333334,269267.25,281734.8333333333,290189.6,16980.0,"Chicago-Naperville-Elgin, IL-IN"
394514,4,"Dallas, TX",msa,TX,257652.66666666666,276523.25,328398.5833333333,383366.3333333333,376548.3,19100.0,"Dallas-Fort Worth-Arlington, TX"
394692,5,"Houston, TX",msa,TX,227045.66666666666,242783.75,285029.8333333333,318019.25,314270.75,26420.0,"Houston-Pasadena-The Woodlands, TX"
395209,6,"Washington, DC",msa,VA,391208.0833333333,420724.0833333333,452197.0,479201.4166666667,493512.4,47820.0,"Washington, NC"
394974,7,"Philadelphia, PA",msa,PA,222815.83333333334,246531.41666666666,273311.5833333333,291129.75,305068.8,37980.0,"Philadelphia-Camden-Wilmington, PA-NJ-DE-MD"
394856,8,"Miami, FL",msa,FL,269488.25,297198.5,338096.5833333333,390854.5833333333,424966.4,33100.0,"Miami-Fort Lauderdale-West Palm Beach, FL"
394347,9,"Atlanta, GA",msa,GA,224811.08333333334,248773.91666666666,296850.75,343001.1666666667,351229.7,12060.0,"Atlanta-Sandy Springs-Roswell, GA"
394404,10,"Boston, MA",msa,MA,441051.9166666667,481891.4166666667,545436.0,597621.0833333334,609906.0,14460.0,"Boston-Cambridge-Newton, MA-NH"
394976,11,"Phoenix, AZ",msa,AZ,270080.0,304989.0,379376.3333333333,446077.75,426974.8,38060.0,"Phoenix-Mesa-Chandler, AZ"
395057,12,"San Francisco, CA",msa,CA,858912.0833333334,890460.0,1026601.5833333334,1114321.5,1047182.3,41860.0,"San Francisco-Oakland-Fremont, CA"
395025,13,"Riverside, CA",msa,CA,358202.6666666667,390458.8333333333,472046.5833333333,531496.0833333334,517774.7,40140.0,"Riverside-San Bernardino-Ontario, CA"
394532,14,"Detroit, MI",msa,MI,169174.75,186042.0,205410.16666666666,219721.75,227798.3,19810.0,"Detroit Lakes, MN"
395078,15,"Seattle, WA",msa,WA,452566.1666666667,503249.5,600072.5833333334,666479.0833333334,647289.1,42660.0,"Seattle-Tacoma-Bellevue, WA"
394865,16,"Minneapolis, MN",msa,MN,262733.1666666667,284657.75,316007.1666666667,337652.6666666667,341553.9,33460.0,"Minneapolis-St. Paul-Bloomington, MN-WI"
395056,17,"San Diego, CA",msa,CA,567944.1666666666,606434.5833333334,713533.0,799465.0833333334,817957.0,41740.0,"San Diego-Chula Vista-Carlsbad, CA"
395148,18,"Tampa, FL",msa,FL,211470.08333333334,236175.91666666666,280405.4166666667,345567.8333333333,353062.5,45300.0,"Tampa-St. Petersburg-Clearwater, FL"
394530,19,"Denver, CO",msa,CO,400403.0833333333,431426.4166666667,507755.4166666667,575404.25,560249.5,19740.0,"Denver-Aurora-Centennial, CO"
394358,20,"Baltimore, MD",msa,MD,265935.0,287356.8333333333,302234.9166666667,319905.1666666667,330496.6,12580.0,"Baltimore-Columbia-Towson, MD"
395121,21,"St. Louis, MO",msa,MO,174277.91666666666,188049.5,202887.08333333334,214617.83333333334,223209.4,41180.0,"St. Louis, MO-IL"
394943,22,"Orlando, FL",msa,FL,238952.33333333334,259495.5,295589.9166666667,358696.1666666667,371070.0,36740.0,"Orlando-Kissimmee-Sanford, FL"
394458,23,"Charlotte, NC",msa,NC,228595.83333333334,254677.41666666666,297505.25,346330.75,352469.3,16740.0,"Charlotte-Concord-Gastonia, NC-SC"
395055,24,"San Antonio, TX",msa,TX,217085.41666666666,235858.75,273982.0,313620.6666666667,307637.5,41700.0,"San Antonio-New Braunfels, TX"
394998,25,"Portland, OR",msa,OR,385540.3333333333,412788.5,478259.5833333333,526118.0833333334,519494.3,38900.0,"Portland-Vancouver-Hillsboro, OR-WA"
395045,26,"Sacramento, CA",msa,CA,396437.0833333333,429867.0833333333,510639.5,553205.0,531839.5,40900.0,"Sacramento-Roseville-Folsom, CA"
394982,27,"Pittsburgh, PA",msa,PA,156903.41666666666,168837.66666666666,187126.08333333334,193786.75,194185.1,38300.0,"Pittsburgh, PA"
394466,28,"Cincinnati, OH",msa,OH,166530.5,181054.25,202408.58333333334,221277.5,230805.9,17140.0,"Cincinnati, OH-KY-IN"
394355,29,"Austin, TX",msa,TX,319151.9166666667,347967.3333333333,450199.6666666667,512312.3333333333,463350.9,12420.0,"Austin-Round Rock-San Marcos, TX"
394775,30,"Las Vegas, NV",msa,NV,276177.1666666667,295540.8333333333,348093.5,410196.0833333333,390477.1,29820.0,"Las Vegas-Henderson-North Las Vegas, NV"
394735,31,"Kansas City, MO",msa,MO,204869.83333333334,224462.5,251738.5,278119.4166666667,281735.2,28140.0,"Kansas City, MO-KS"
394492,32,"Columbus, OH",msa,OH,186304.0,199760.83333333334,228676.58333333334,254593.5,267002.6,18140.0,"Columbus, OH"
394705,34,"Indianapolis, IN",msa,IN,173393.0,193534.33333333334,217848.33333333334,245699.41666666666,252885.7,26900.0,"Indianapolis-Carmel-Greenwood, IN"
394475,35,"Cleveland, OH",msa,OH,137192.16666666666,148960.66666666666,163222.75,174798.5,179961.2,17410.0,"Cleveland, OH"
395059,36,"San Jose, CA",msa,CA,1071280.3333333333,1124053.75,1264455.9166666667,1399204.5833333333,1386583.9,41940.0,"San Jose-Sunnyvale-Santa Clara, CA"
394902,37,"Nashville, TN",msa,TN,270561.75,294831.8333333333,346303.0833333333,409686.0833333333,405146.8,34980.0,"Nashville-Davidson--Murfreesboro--Franklin, TN"
395194,38,"Virginia Beach, VA",msa,VA,230320.25,247803.33333333334,270182.5,289557.6666666667,301773.2,47260.0,"Virginia Beach-Chesapeake-Norfolk, VA-NC"
395005,39,"Providence, RI",msa,RI,275879.4166666667,301594.6666666667,344211.3333333333,379759.75,400615.6,39300.0,"Providence-Warwick, RI-MA"
394714,40,"Jacksonville, FL",msa,FL,214571.83333333334,237357.25,279329.5833333333,327142.25,328145.5,27260.0,"Jacksonville, FL"
394862,41,"Milwaukee, WI",msa,WI,214331.16666666666,220340.08333333334,233514.08333333334,254996.08333333334,268956.5,33340.0,"Milwaukee-Waukesha, WI"
394935,42,"Oklahoma City, OK",msa,OK,162708.75,176280.91666666666,191994.58333333334,215056.16666666666,220020.9,36420.0,"Oklahoma City, OK"
395012,43,"Raleigh, NC",msa,NC,260471.33333333334,283865.3333333333,337111.0833333333,395491.5833333333,400270.6,39580.0,"Raleigh-Cary, NC"
394849,44,"Memphis, TN",msa,TN,159558.83333333334,180538.5,204812.66666666666,229024.25,226833.0,32820.0,"Memphis, TN-MS-AR"
395022,45,"Richmond, VA",msa,VA,234953.75,254372.66666666666,283479.3333333333,311592.4166666667,325680.7,40060.0,"Richmond, VA"
394807,46,"Louisville, KY",msa,KY,177089.58333333334,191472.75,210025.41666666666,227193.5,236668.1,31140.0,"Louisville/Jefferson County, KY-IN"
394910,47,"New Orleans, LA",msa,LA,194914.0,210276.5,241069.91666666666,265940.3333333333,259810.8,35380.0,"New Orleans-Metairie, LA"
395053,48,"Salt Lake City, UT",msa,UT,329378.9166666667,364949.5833333333,443797.5,507304.6666666667,496146.5,41620.0,"Salt Lake City-Murray, UT"
394669,49,"Hartford, CT",msa,CT,216472.91666666666,234750.83333333334,259566.16666666666,280734.0,306819.7,25540.0,"Hartford-West Hartford-East Hartford, CT"
394425,50,"Buffalo, NY",msa,NY,156287.0,168515.91666666666,191587.91666666666,211291.33333333334,223114.0,15380.0,"Buffalo-Cheektowaga, NY"
394388,51,"Birmingham, AL",msa,AL,184213.58333333334,199749.83333333334,218850.66666666666,242525.0,237748.6,13820.0,"Birmingham, AL"
395031,52,"Rochester, NY",msa,NY,145354.0,157634.5,174628.5,188670.0,204596.7,40380.0,"Rochester, NY"
394640,53,"Grand Rapids, MI",msa,MI,193438.25,212997.5,241839.91666666666,272378.0833333333,285616.1,24340.0,"Grand Rapids-Wyoming-Kentwood, MI"
395167,54,"Tucson, AZ",msa,AZ,209791.16666666666,232924.41666666666,283018.25,325923.1666666667,326367.2,46060.0,"Tucson, AZ"
753924,55,"Urban Honolulu, HI",msa,HI,576772.6666666666,603033.9166666666,639224.75,678488.6666666666,660895.1,46520.0,"Urban Honolulu, HI"
395169,56,"Tulsa, OK",msa,OK,157204.25,176686.75,198080.5,217992.16666666666,222493.2,46140.0,"Tulsa, OK"
394619,57,"Fresno, CA",msa,CA,263265.0,285918.0833333333,335910.9166666667,378307.9166666667,372943.2,23420.0,"Fresno, CA"
395238,58,"Worcester, MA",msa,MA,260564.75,288573.5,329988.5833333333,366821.1666666667,387834.6,49340.0,"Worcester, MA"
394938,59,"Omaha, NE",msa,NE,180666.08333333334,194499.75,220443.58333333334,242608.5,258156.6,36540.0,"Omaha, NE-IA"
394415,60,"Bridgeport, CT",msa,CT,376929.5,429069.4166666667,491923.0833333333,510148.0,537773.1,14860.0,"Bridgeport-Stamford-Danbury, CT"
394653,61,"Greenville, SC",msa,SC,189943.75,207591.08333333334,240057.91666666666,275498.0833333333,281512.8,24860.0,"Greenville-Anderson-Greer, SC"
394312,62,"Albuquerque, NM",msa,NM,208914.75,229625.91666666666,267626.5833333333,308703.8333333333,325675.6,10740.0,"Albuquerque, NM"
394357,63,"Bakersfield, CA",msa,CA,229998.58333333334,249510.25,288140.5,321627.5833333333,325705.1,12540.0,"Bakersfield-Delano, CA"
394308,64,"Albany, NY",msa,NY,189777.41666666666,204767.16666666666,243379.08333333334,275181.25,283725.2,10580.0,"Albany-Schenectady-Troy, NY"
394753,65,"Knoxville, TN",msa,TN,182784.16666666666,206320.5,242437.58333333334,286372.3333333333,313514.2,28940.0,"Knoxville, TN"
394367,66,"Baton Rouge, LA",msa,LA,187700.0,198271.58333333334,219318.33333333334,236048.58333333334,231920.3,12940.0,"Baton Rouge, LA"
394843,67,"McAllen, TX",msa,TX,147477.41666666666,163585.5,183493.0,200804.66666666666,199367.5,32580.0,"McAllen-Edinburg-Mission, TX"
394908,68,"New Haven, CT",msa,CT,208311.0,227440.41666666666,260515.83333333334,285014.1666666667,302029.9,35300.0,"New Haven, CT"
394561,69,"El Paso, TX",msa,TX,147776.66666666666,163202.33333333334,185803.91666666666,216347.16666666666,228164.1,21340.0,"El Paso, TX"
394318,70,"Allentown, PA",msa,PA,183709.0,204816.41666666666,235458.66666666666,266012.1666666667,282238.0,10900.0,"Allentown-Bethlehem-Easton, PA-NJ"
394952,71,"Oxnard, CA",msa,CA,591226.5,635197.5833333334,734300.9166666666,805165.5833333334,802320.1,37100.0,"Oxnard-Thousand Oaks-Ventura, CA"
394486,72,"Columbia, SC",msa,SC,159893.33333333334,175343.25,199176.83333333334,228315.75,233367.9,17900.0,"Columbia, SC"
753906,73,"North Port, FL",msa,FL,257769.83333333334,278970.25,336592.6666666667,427635.5833333333,437477.6,35840.0,"North Port-Bradenton-Sarasota, FL"
845158,74,"Dayton, OH",msa,OH,127296.08333333333,141204.41666666666,154466.25,163095.58333333334,172742.0,19430.0,"Dayton-Kettering-Beavercreek, OH"
394457,75,"Charleston, SC",msa,SC,256004.41666666666,283029.4166666667,328576.4166666667,378629.0833333333,394216.1,16700.0,"Charleston-North Charleston, SC"
394648,76,"Greensboro, NC",msa,NC,153584.16666666666,166080.33333333334,187320.33333333334,212951.25,225847.8,24660.0,"Greensboro-High Point, NC"
395134,77,"Stockton, CA",msa,CA,359109.25,390910.25,466980.9166666667,510118.5833333333,491705.8,44700.0,"Stockton-Lodi, CA"
394440,78,"Cape Coral, FL",msa,FL,225366.41666666666,244482.16666666666,260572.66666666666,297663.5833333333,315535.6,15980.0,"Cape Coral-Fort Myers, FL"
394399,79,"Boise City, ID",msa,ID,281694.5833333333,328064.25,434782.0833333333,479684.3333333333,451617.7,14260.0,"Boise City, ID"
394484,80,"Colorado Springs, CO",msa,CO,300896.1666666667,338106.75,401742.0,445870.25,438468.0,17820.0,"Colorado Springs, CO"
394798,81,"Little Rock, AR",msa,AR,154832.66666666666,167219.91666666666,183168.91666666666,201633.25,207195.2,30780.0,"Little Rock-North Little Rock-Conway, AR"
394766,82,"Lakeland, FL",msa,FL,180995.25,202812.0,240173.25,301692.9166666667,299072.9,29460.0,"Lakeland-Winter Haven, FL"
394304,83,"Akron, OH",msa,OH,136738.91666666666,147806.33333333334,154674.5,165709.08333333334,171494.9,10420.0,"Akron, OH"
394531,84,"Des Moines, IA",msa,IA,184465.75,198197.0,214477.25,228925.83333333334,241538.0,19780.0,"Des Moines-West Des Moines, IA"
395115,85,"Springfield, MA",msa,MA,210303.83333333334,226939.08333333334,254617.75,282204.9166666667,293522.1,44140.0,"Springfield, MA"
394931,87,"Ogden, UT",msa,UT,285927.0,318619.4166666667,387999.9166666667,449396.0,441598.2,36260.0,"Ogden, UT"
394816,88,"Madison, WI",msa,WI,256275.16666666666,275433.0833333333,309412.6666666667,336027.6666666667,347714.0,31540.0,"Madison, WI"
395235,89,"Winston, NC",msa,NC,156851.66666666666,173888.91666666666,195081.91666666666,225880.5,232270.3,48980.0,"Wilson, NC"
394528,90,"Deltona, FL",msa,FL,206900.83333333334,225100.0,267785.1666666667,321563.0,323406.0,19660.0,"Deltona-Daytona Beach-Ormond Beach, FL"
395143,91,"Syracuse, NY",msa,NY,141906.0,154867.66666666666,166259.0,181291.66666666666,196840.1,45060.0,"Syracuse, NY"
395006,92,"Provo, UT",msa,UT,316597.1666666667,346893.25,431027.5833333333,498423.25,487367.3,39340.0,"Provo-Orem-Lehi, UT"
395160,93,"Toledo, OH",msa,OH,117883.66666666667,125762.25,135485.91666666666,141742.33333333334,145929.7,45780.0,"Toledo, OH"
395224,94,"Wichita, KS",msa,KS,158600.08333333334,173705.0,190926.08333333334,210099.16666666666,222183.9,48620.0,"Wichita, KS"
394549,95,"Durham, NC",msa,NC,248318.33333333334,270073.4166666667,322697.0,373617.8333333333,380421.2,20500.0,"Durham-Chapel Hill, NC"
394352,96,"Augusta, GA",msa,GA,159923.75,173849.16666666666,199959.0,219766.75,226805.5,12260.0,"Augusta-Richmond County, GA-SC"
394957,97,"Palm Bay, FL",msa,FL,207354.16666666666,232214.41666666666,271798.1666666667,320575.3333333333,329395.3,37340.0,"Palm Bay-Melbourne-Titusville, FL"
394711,98,"Jackson, MS",msa,MS,175965.91666666666,198743.33333333334,220446.58333333334,238995.08333333334,228326.4,27140.0,"Jackson, MS"
394666,99,"Harrisburg, PA",msa,PA,170939.33333333334,183469.0,197087.5,216038.5,228254.5,25420.0,"Harrisburg-Carlisle, PA"
395113,100,"Spokane, WA",msa,WA,244016.41666666666,280185.1666666667,342472.0,388219.25,378799.3,44060.0,"Spokane-Spokane Valley, WA"
395075,101,"Scranton, PA",msa,PA,119020.16666666667,129849.91666666667,154781.58333333334,174834.41666666666,180032.9,42540.0,"Scranton--Wilkes-Barre, PA"
394460,102,"Chattanooga, TN",msa,TN,178012.08333333334,199566.16666666666,230819.25,268013.1666666667,276122.5,16860.0,"Chattanooga, TN-GA"
394871,103,"Modesto, CA",msa,CA,313702.5,344542.4166666667,404532.4166666667,443852.1666666667,432507.3,33700.0,"Modesto, CA"
394768,104,"Lancaster, PA",msa,PA,205258.41666666666,224370.25,246960.16666666666,278088.8333333333,296654.2,29540.0,"Lancaster, PA"
394997,105,"Portland, ME",msa,ME,285873.75,317268.6666666667,376875.0833333333,417401.5833333333,447044.3,38860.0,"Portland-South Portland, ME"
395245,106,"Youngstown, OH",msa,OH,100521.0,109123.91666666667,122590.58333333333,130879.41666666667,133946.9,49660.0,"Youngstown-Warren, OH"
394770,107,"Lansing, MI",msa,MI,143949.08333333334,156193.25,165665.08333333334,176458.83333333334,185389.1,29620.0,"Lansing-East Lansing, MI"
394590,108,"Fayetteville, AR",msa,AR,194270.16666666666,212643.5,250262.58333333334,306293.75,324241.6,22220.0,"Fayetteville-Springdale-Rogers, AR"
394589,109,"Fayetteville, NC",msa,NC,148242.0,161114.25,182999.75,204678.75,214859.3,22180.0,"Fayetteville, NC"
394792,110,"Lexington, KY",msa,KY,183777.25,208326.66666666666,234658.16666666666,259314.5,278635.7,30460.0,"Lexington-Fayette, KY"
394971,111,"Pensacola, FL",msa,FL,193453.58333333334,214994.08333333334,249054.58333333334,283761.1666666667,290449.3,37860.0,"Pensacola-Ferry Pass-Brent, FL"
395068,112,"Santa Rosa, CA",msa,CA,609337.0833333334,636749.9166666666,699537.5,766567.9166666666,771066.1,42220.0,"Santa Rosa-Petaluma, CA"
395019,113,"Reno, NV",msa,NV,355424.25,393979.75,468022.5833333333,528066.4166666666,510968.9,39900.0,"Reno, NV"
394698,114,"Huntsville, AL",msa,AL,184066.41666666666,209601.33333333334,247576.25,285812.5,286154.9,26620.0,"Huntsville, AL"
394995,115,"Port St. Lucie, FL",msa,FL,222698.41666666666,240867.33333333334,289641.0833333333,351989.0833333333,362708.6,38940.0,"Port St. Lucie, FL"
394761,116,"Lafayette, LA",msa,LA,171207.66666666666,178481.75,198073.33333333334,213300.33333333334,204187.0,29180.0,"Lafayette, LA"
394898,117,"Myrtle Beach, SC",msa,SC,179108.08333333334,196866.5,231178.41666666666,275336.1666666667,285435.1,34820.0,"Myrtle Beach-Conway-North Myrtle Beach, SC"
395116,118,"Springfield, MO",msa,MO,152262.66666666666,167135.58333333334,203357.0,238562.91666666666,244414.9,44180.0,"Springfield, MO"
395195,119,"Visalia, CA",msa,CA,225712.08333333334,247048.83333333334,291616.5,326844.0,321243.1,47300.0,"Visalia, CA"
394746,120,"Killeen, TX",msa,TX,158198.08333333334,175636.25,215363.16666666666,256074.16666666666,254213.4,28660.0,"Killeen-Temple, TX"
394338,121,"Asheville, NC",msa,NC,265178.6666666667,290619.1666666667,339033.0833333333,369289.6666666667,393803.9,11700.0,"Asheville, NC"
395244,122,"York, PA",msa,PA,170709.25,183695.25,195189.83333333334,213687.16666666666,231976.9,49620.0,"York-Hanover, PA"
395183,123,"Vallejo, CA",msa,CA,427352.5833333333,457418.5,529047.25,575614.6666666666,562369.6,46700.0,"Vallejo, CA"
753917,124,"Santa Maria, CA",msa,CA,573462.5833333334,646097.5833333334,764646.8333333334,797514.0,821168.2,42200.0,"Santa Maria-Santa Barbara, CA"
395050,125,"Salinas, CA",msa,CA,600591.5,681910.75,784906.9166666666,831769.75,827622.1,41500.0,"Salinas, CA"
395048,126,"Salem, OR",msa,OR,286750.8333333333,319644.3333333333,373991.5833333333,414418.1666666667,420617.8,41420.0,"Salem, OR"
394870,127,"Mobile, AL",msa,AL,138633.33333333334,153498.0,176790.41666666666,188000.41666666666,193999.6,33660.0,"Mobile, AL"
395015,128,"Reading, PA",msa,PA,160067.16666666666,174925.0,192463.66666666666,206778.75,222611.3,39740.0,"Reading, PA"
394502,129,"Corpus Christi, TX",msa,TX,188901.08333333334,210300.91666666666,242475.0,263210.5,258811.3,18580.0,"Corpus Christi, TX"
394421,130,"Brownsville, TX",msa,TX,139168.08333333334,158504.5,190629.25,215100.5,234173.0,15180.0,"Brownsville-Harlingen, TX"
394820,131,"Manchester, NH",msa,NH,271096.3333333333,303940.3333333333,356006.1666666667,398502.0833333333,422598.4,31700.0,"Manchester-Nashua, NH"
394612,132,"Fort Wayne, IN",msa,IN,149630.83333333334,161123.91666666666,177788.16666666666,199960.08333333334,212240.0,23060.0,"Fort Wayne, IN"
394658,133,"Gulfport, MS",msa,MS,146546.08333333334,162776.66666666666,181885.83333333334,203474.08333333334,209388.7,25060.0,"Gulfport-Biloxi, MS"
395051,134,"Salisbury, MD",msa,DE,240679.75,271895.9166666667,311483.9166666667,348930.1666666667,358832.4,41540.0,"Salisbury, MD"
394596,135,"Flint, MI",msa,MI,135070.33333333334,146896.25,162327.41666666666,171903.08333333334,173897.7,22420.0,"Flint, MI"
394972,136,"Peoria, IL",msa,IL,117826.5,122806.08333333333,124493.0,127745.33333333333,132845.5,37900.0,"Peoria, IL"
394439,137,"Canton, OH",msa,OH,127197.0,137476.5,145735.33333333334,152650.83333333334,158579.1,15940.0,"Canton-Massillon, OH"
395070,138,"Savannah, GA",msa,GA,208354.16666666666,224142.66666666666,256943.41666666666,288472.25,314333.7,42340.0,"Savannah, GA"
394372,140,"Beaumont, TX",msa,TX,159491.08333333334,173033.33333333334,188202.0,198053.91666666666,188454.5,13140.0,"Beaumont-Port Arthur, TX"
395096,141,"Shreveport, LA",msa,LA,142358.66666666666,151256.66666666666,179797.25,188542.5,187543.8,43340.0,"Shreveport-Bossier City, LA"
395164,142,"Trenton, NJ",msa,NJ,223021.83333333334,253582.25,296618.25,307505.25,321992.3,45940.0,"Trenton-Princeton, NJ"
394875,143,"Montgomery, AL",msa,AL,145755.66666666666,157291.58333333334,174672.41666666666,181466.25,181046.1,33860.0,"Montgomery, AL"
394520,144,"Davenport, IA",msa,IL,132355.0,139089.08333333334,147961.75,152984.66666666666,157703.3,19340.0,"Davenport-Moline-Rock Island, IA-IL"
395146,145,"Tallahassee, FL",msa,FL,175149.0,196249.33333333334,208295.5,231286.41666666666,250007.9,45220.0,"Tallahassee, FL"
394576,146,"Eugene, OR",msa,OR,294790.3333333333,330274.8333333333,383642.3333333333,430850.75,432742.0,21660.0,"Eugene-Springfield, OR"
394901,147,"Naples, FL",msa,FL,311572.25,339736.4166666667,409547.5,522039.1666666667,570140.4,34940.0,"Naples-Marco Island, FL"
394332,148,"Ann Arbor, MI",msa,MI,265408.0833333333,274590.75,309939.0833333333,336092.4166666667,354588.6,11460.0,"Ann Arbor, MI"
394927,149,"Ocala, FL",msa,FL,156733.83333333334,169572.41666666666,205712.75,251850.83333333334,256815.2,36100.0,"Ocala, FL"
394679,150,"Hickory, NC",msa,NC,155211.75,174280.16666666666,193912.33333333334,218064.66666666666,235807.4,25860.0,"Hickory-Lenoir-Morganton, NC"
394697,151,"Huntington, WV",msa,OH,124848.91666666667,131336.83333333334,143396.66666666666,153327.91666666666,154639.2,26580.0,"Huntington-Ashland, WV-KY-OH"
394602,152,"Fort Collins, CO",msa,CO,379079.0,395080.0,445451.75,523910.4166666667,538754.2,22660.0,"Fort Collins-Loveland, CO"
395033,153,"Rockford, IL",msa,IL,121031.41666666667,128205.58333333333,139009.25,147069.91666666666,151637.2,40420.0,"Rockford, IL"
394796,154,"Lincoln, NE",msa,NE,178848.08333333334,194403.83333333334,220448.25,241449.66666666666,258951.2,30700.0,"Lincoln, NE"
394622,155,"Gainesville, FL",msa,FL,186182.08333333334,204008.25,226875.08333333334,254554.33333333334,275253.7,23540.0,"Gainesville, FL"
394405,156,"Boulder, CO",msa,CO,520780.3333333333,537502.0833333334,616085.0,703681.8333333334,721817.2,14500.0,"Boulder, CO"
394646,157,"Green Bay, WI",msa,WI,175884.5,187032.25,214943.33333333334,243770.0,267246.7,24580.0,"Green Bay, WI"
394488,158,"Columbus, GA",msa,GA,151745.33333333334,164153.75,179814.25,184441.83333333334,182184.2,17980.0,"Columbus, GA-AL"
395107,159,"South Bend, IN",msa,IN,137500.66666666666,152274.08333333334,165832.5,183853.75,187461.2,43780.0,"South Bend-Mishawaka, IN-MI"
395109,160,"Spartanburg, SC",msa,SC,151134.16666666666,171282.75,199833.91666666666,230507.41666666666,237058.1,43900.0,"Spartanburg, SC"
394645,161,"Greeley, CO",msa,CO,337013.8333333333,360744.25,415362.8333333333,467084.75,461608.2,24540.0,"Greeley, CO"
394808,162,"Lubbock, TX",msa,TX,163359.08333333334,174256.75,195917.5,214694.66666666666,218957.1,31180.0,"Lubbock, TX"
394471,163,"Clarksville, TN",msa,TN,166786.33333333334,184710.16666666666,219880.16666666666,261873.91666666666,269361.3,17300.0,"Clarksville, TN-KY"
395028,164,"Roanoke, VA",msa,VA,175731.75,198611.25,214773.58333333334,234569.58333333334,241048.6,40220.0,"Roanoke, VA"
394579,165,"Evansville, IN",msa,IN,146274.75,156301.66666666666,175244.08333333334,179958.91666666666,190957.5,21780.0,"Evansville, IN"
394747,167,"Kingsport, TN",msa,TN,135917.66666666666,148233.0,165084.75,180908.66666666666,203877.5,28700.0,"Kingsport-Bristol, TN-VA"
394741,168,"Kennewick, WA",msa,WA,284810.5,305751.5833333333,347621.4166666667,400075.25,398048.2,28420.0,"Kennewick-Richland, WA"
395179,169,"Utica, NY",msa,NY,125276.66666666667,136918.66666666666,156983.66666666666,171324.5,177309.5,46540.0,"Utica-Rome, NY"
394660,170,"Hagerstown, MD",msa,MD,181837.16666666666,203819.16666666666,226837.5,254292.58333333334,265429.7,25180.0,"Hagerstown-Martinsburg, MD-WV"
394543,171,"Duluth, MN",msa,MN,158914.75,171404.58333333334,191834.33333333334,210367.16666666666,220951.9,20260.0,"Duluth, MN-WI"
394937,172,"Olympia, WA",msa,WA,319228.5,357984.8333333333,431782.6666666667,485721.25,483505.8,36500.0,"Olympia-Lacey-Tumwater, WA"
394803,173,"Longview, TX",msa,TX,166550.08333333334,175305.58333333334,205525.0,232490.91666666666,236551.5,30980.0,"Longview, TX"
395229,174,"Wilmington, NC",msa,NC,240827.66666666666,271489.4166666667,305475.75,362261.6666666667,386592.2,48900.0,"Wilmington, NC"
395061,175,"San Luis Obispo, CA",msa,CA,583191.0,610597.8333333334,706281.0833333334,804855.6666666666,806898.3,42020.0,"San Luis Obispo-Paso Robles, CA"
753875,176,"Crestview, FL",msa,FL,273484.9166666667,317943.8333333333,385058.8333333333,425791.0833333333,424897.8,18880.0,"Crestview-Fort Walton Beach-Destin, FL"
394851,177,"Merced, CA",msa,CA,266568.25,290626.5833333333,348493.75,393084.75,387614.3,32900.0,"Merced, CA"
395197,178,"Waco, TX",msa,TX,181930.33333333334,200796.83333333334,232898.41666666666,258439.08333333334,257003.1,47380.0,"Waco, TX"
394447,179,"Cedar Rapids, IA",msa,IA,154417.75,161177.5,172720.08333333334,184769.0,190922.6,16300.0,"Cedar Rapids, IA"
394348,180,"Atlantic City, NJ",msa,NJ,182095.08333333334,203306.33333333334,238040.66666666666,262969.6666666667,273625.5,12100.0,"Atlantic City-Hammonton, NJ"
394412,181,"Bremerton, WA",msa,WA,351498.6666666667,396213.1666666667,462127.0833333333,513338.6666666667,499055.6,14740.0,"Bremerton-Silverdale-Port Orchard, WA"
395103,182,"Sioux Falls, SD",msa,SD,207855.75,221115.0,251824.91666666666,285193.25,292385.1,43620.0,"Sioux Falls, SD-MN"
395065,183,"Santa Cruz, CA",msa,CA,789086.6666666666,834087.0833333334,972946.6666666666,1120353.3333333333,1082637.9,42100.0,"Santa Cruz-Watsonville, CA"
394572,184,"Erie, PA",msa,PA,122250.25,132890.58333333334,141757.16666666666,154528.91666666666,161013.4,21500.0,"Erie, PA"
394924,185,"Norwich, CT",msa,CT,223515.75,244348.25,275408.1666666667,294190.5833333333,311554.1,35980.0,"Norwich-New London-Willimantic, CT"
394323,186,"Amarillo, TX",msa,TX,161977.91666666666,178043.91666666666,199141.91666666666,216874.5,220359.8,11100.0,"Amarillo, TX"
394772,187,"Laredo, TX",msa,TX,178465.16666666666,189884.91666666666,197009.66666666666,216260.91666666666,225304.1,29700.0,"Laredo, TX"
395171,188,"Tuscaloosa, AL",msa,AL,174480.08333333334,186310.91666666666,210465.5,219996.75,228966.4,46220.0,"Tuscaloosa, AL"
394483,189,"College Station, TX",msa,TX,220428.66666666666,231212.33333333334,255469.33333333334,288510.0833333333,300217.1,17780.0,"College Station-Bryan, TX"
394732,190,"Kalamazoo, MI",msa,MI,161034.08333333334,175419.0,196486.66666666666,214156.66666666666,226107.6,28020.0,"Kalamazoo-Portage, MI"
394811,191,"Lynchburg, VA",msa,VA,171905.91666666666,188618.58333333334,212207.33333333334,237776.33333333334,244336.3,31340.0,"Lynchburg, VA"
394455,192,"Charleston, WV",msa,WV,116286.16666666667,125730.08333333333,138010.58333333334,149688.58333333334,147886.6,16620.0,"Charleston, WV"
395240,193,"Yakima, WA",msa,WA,233434.08333333334,258770.33333333334,299634.1666666667,323589.5833333333,334086.7,49420.0,"Yakima, WA"
394585,194,"Fargo, ND",msa,ND,205971.91666666666,219196.08333333334,237589.41666666666,258772.33333333334,268659.0,22020.0,"Fargo, ND-MN"
394387,195,"Binghamton, NY",msa,NY,112956.58333333333,126904.58333333333,144335.91666666666,154988.25,161507.9,13780.0,"Binghamton, NY"
394609,196,"Fort Smith, AR",msa,AR,121565.16666666667,135303.83333333334,158495.0,168755.08333333334,175197.0,22900.0,"Fort Smith, AR-OK"
394334,197,"Appleton, WI",msa,WI,177672.58333333334,190899.25,216835.91666666666,248107.91666666666,263582.5,11540.0,"Appleton, WI"
845160,198,"Prescott Valley, AZ",msa,AZ,305114.3333333333,344091.8333333333,419983.75,471804.75,479945.8,39150.0,"Prescott Valley-Prescott, AZ"
395161,199,"Topeka, KS",msa,KS,141232.41666666666,150656.91666666666,173461.08333333334,192398.5,207831.7,45820.0,"Topeka, KS"
394813,200,"Macon, GA",msa,GA,122420.25,134064.91666666666,137631.25,142919.0,148081.9,31420.0,"Macon-Bibb County, GA"
395174,201,"Tyler, TX",msa,TX,198946.66666666666,223148.33333333334,253087.16666666666,282833.9166666667,295890.9,46340.0,"Tyler, TX"
394361,202,"Barnstable Town, MA",msa,MA,388795.0833333333,429416.6666666667,517048.0833333333,586056.4166666666,620927.9,12700.0,"Barnstable Town, MA"
394519,203,"Daphne, AL",msa,AL,242016.83333333334,263347.5833333333,314807.0,365493.6666666667,367215.4,19300.0,"Daphne-Fairhope-Foley, AL"
394378,205,"Bellingham, WA",msa,WA,367308.8333333333,402370.1666666667,489933.4166666667,558674.25,546034.2,13380.0,"Bellingham, WA"
395030,207,"Rochester, MN",msa,MN,210455.16666666666,232006.0,251233.25,278786.9166666667,278386.1,40340.0,"Rochester, MN"
753895,208,"Lafayette, IN",msa,IN,160965.83333333334,176598.0,193831.66666666666,212217.58333333334,230564.7,29200.0,"Lafayette-West Lafayette, IN"
394454,209,"Champaign, IL",msa,IL,145641.08333333334,149891.0,158972.66666666666,169889.0,170348.2,16580.0,"Champaign-Urbana, IL"
394848,210,"Medford, OR",msa,OR,301436.4166666667,330114.75,383033.0,424209.0833333333,417988.0,32780.0,"Medford, OR"
845164,211,"Lebanon, NH",msa,NH,201016.75,228879.0,269264.1666666667,306441.8333333333,346474.7,30150.0,"Lebanon-Claremont, NH-VT"
394459,212,"Charlottesville, VA",msa,VA,283482.9166666667,307616.6666666667,349052.6666666667,383113.5833333333,396648.8,16820.0,"Charlottesville, VA"
394763,213,"Lake Charles, LA",msa,LA,184144.5,194396.83333333334,180833.16666666666,194061.66666666666,195086.6,29340.0,"Lake Charles, LA"
394773,214,"Las Cruces, NM",msa,NM,184111.5,199352.66666666666,233867.08333333334,269022.0,282183.4,29740.0,"Las Cruces, NM"
394464,215,"Chico, CA",msa,CA,319922.9166666667,332357.8333333333,378321.5,400332.9166666667,366908.3,17020.0,"Chico, CA"
394681,216,"Hilton Head Island, SC",msa,SC,287542.0,319438.5833333333,369835.6666666667,422530.5833333333,474769.7,25940.0,"Hilton Head Island-Bluffton-Port Royal, SC"
394346,217,"Athens, GA",msa,GA,201216.5,225616.25,256742.08333333334,293856.75,311509.4,12020.0,"Athens-Clarke County, GA"
394765,218,"Lake Havasu City, AZ",msa,AZ,213043.83333333334,243170.16666666666,287652.9166666667,323140.9166666667,312086.3,29420.0,"Lake Havasu City-Kingman, AZ"
394485,219,"Columbia, MO",msa,MO,189809.83333333334,202586.5,223827.08333333334,251112.16666666666,268670.4,17860.0,"Columbia, MO"
395114,220,"Springfield, IL",msa,IL,130470.16666666667,140232.83333333334,135246.91666666666,144855.58333333334,142483.6,44100.0,"Springfield, IL"
394872,222,"Monroe, LA",msa,LA,155790.08333333334,175621.33333333334,188453.83333333334,189354.66666666666,176166.5,33740.0,"Monroe, LA"
394565,223,"Elkhart, IN",msa,IN,158879.5,172218.0,193845.83333333334,214422.91666666666,217903.7,21140.0,"Elkhart-Goshen, IN"
394726,224,"Johnson City, TN",msa,TN,153228.58333333334,162536.16666666666,188438.0,216927.25,236133.0,27740.0,"Johnson City, TN"
395247,225,"Yuma, AZ",msa,AZ,167736.5,185352.75,229688.5,264006.0,268085.7,49740.0,"Yuma, AZ"
394623,226,"Gainesville, GA",msa,GA,225361.16666666666,249952.91666666666,296026.4166666667,343412.4166666667,359388.8,23580.0,"Gainesville, GA"
394716,227,"Jacksonville, NC",msa,NC,162095.66666666666,175195.08333333334,194666.91666666666,225012.41666666666,248347.1,27340.0,"Jacksonville, NC"
394597,228,"Florence, SC",msa,SC,129679.66666666667,142384.66666666666,159555.33333333334,169367.75,169651.1,22500.0,"Florence, SC"
394680,229,"Hilo, HI",msa,HI,367767.1666666667,408155.8333333333,473301.0,517667.75,531230.6,25900.0,"Hilo-Kailua, HI"
395118,230,"St. Cloud, MN",msa,MN,185432.5,198825.5,222597.41666666666,242843.75,255057.1,41060.0,"St. Cloud, MN"
395011,231,"Racine, WI",msa,WI,174303.41666666666,181322.66666666666,184459.5,187500.41666666666,209136.0,26580.0,
395011,231,"Racine, WI",msa,WI,174303.41666666666,181322.66666666666,184459.5,187500.41666666666,209136.0,33100.0,
394380,232,"Bend, OR",msa,OR,399619.5,439281.25,568535.1666666666,660001.1666666666,622348.5,13460.0,"Bend, OR"
395047,233,"Saginaw, MI",msa,MI,103144.08333333333,112815.66666666667,130073.66666666667,141600.08333333334,146041.2,40980.0,"Saginaw, MI"
395202,234,"Warner Robins, GA",msa,GA,146512.25,159468.0,168762.16666666666,196496.58333333334,217473.8,47580.0,"Warner Robins, GA"
395151,235,"Terre Haute, IN",msa,IN,114687.16666666667,119605.5,123672.25,134801.41666666666,144182.8,45460.0,"Terre Haute, IN"
395162,236,"Torrington, CT",msa,CT,207748.08333333334,252556.66666666666,272720.0833333333,289635.1666666667,308232.1,45860.0,"Torrington, CT"
395009,237,"Punta Gorda, FL",msa,FL,202806.16666666666,227420.75,255491.5,317640.75,313497.5,39460.0,"Punta Gorda, FL"
394386,239,"Billings, MT",msa,MT,265744.0,284065.8333333333,321847.0833333333,384211.8333333333,394667.1,13740.0,"Billings, MT"
395018,240,"Redding, CA",msa,CA,264346.3333333333,287188.8333333333,329923.3333333333,359650.0833333333,357983.2,39820.0,"Redding, CA"
394748,241,"Kingston, NY",msa,NY,231852.0,264281.4166666667,308552.75,347953.6666666667,361958.9,28740.0,"Kingston, NY"
394960,242,"Panama City, FL",msa,FL,205060.08333333334,234757.0,290058.5833333333,344924.25,349782.6,37460.0,"Panama City-Panama City Beach, FL"
394729,243,"Joplin, MO",msa,MO,124808.83333333333,138581.5,157113.5,168970.41666666666,171944.5,27900.0,"Joplin, MO-KS"
394539,244,"Dover, DE",msa,DE,212647.25,229170.75,265623.25,288460.0,296845.7,20100.0,"Dover, DE"
394559,245,"El Centro, CA",msa,CA,227559.58333333334,253311.25,271235.75,297857.4166666667,319766.3,20940.0,"El Centro, CA"
394712,246,"Jackson, TN",msa,TN,130558.58333333333,144665.66666666666,165169.66666666666,197074.75,186922.8,27180.0,"Jackson, TN"
395246,247,"Yuba City, CA",msa,CA,294592.0833333333,317316.4166666667,377460.9166666667,413284.25,400777.7,49700.0,"Yuba City, CA"
394406,248,"Bowling Green, KY",msa,KY,172990.25,194323.5,212096.08333333334,232799.0,246974.9,14540.0,"Bowling Green, KY"
395119,249,"St. George, UT",msa,UT,304192.6666666667,343510.8333333333,424188.25,506931.75,482582.0,41100.0,"St. George, UT"
394896,250,"Muskegon, MI",msa,MI,132469.0,142539.58333333334,161500.5,185757.58333333334,189777.4,34740.0,"Muskegon-Norton Shores, MI"
394299,251,"Abilene, TX",msa,TX,160588.25,170375.41666666666,194350.5,212088.0,207947.8,10180.0,"Abilene, TX"
394707,252,"Iowa City, IA",msa,IA,218986.91666666666,226929.33333333334,232444.08333333334,245998.58333333334,264964.3,26980.0,"Iowa City, IA"
394351,253,"Auburn, AL",msa,AL,193700.5,209544.91666666666,245471.83333333334,259500.75,273020.6,12220.0,"Auburn-Opelika, AL"
394860,254,"Midland, TX",msa,TX,298031.0833333333,295010.0,302822.1666666667,313772.0833333333,322859.7,33260.0,"Midland, TX"
753869,255,"Bloomington, IL",msa,IL,152796.16666666666,157012.33333333334,164354.91666666666,183522.41666666666,200849.5,14010.0,"Bloomington, IL"
394944,257,"Oshkosh, WI",msa,WI,151992.66666666666,166499.66666666666,184310.91666666666,206387.66666666666,220547.1,36780.0,"Oshkosh-Neenah, WI"
394555,258,"Eau Claire, WI",msa,WI,177406.0,192699.0,214545.66666666666,252034.41666666666,265439.6,20740.0,"Eau Claire, WI"
394651,259,"Greenville, NC",msa,NC,143948.91666666666,154938.66666666666,175662.41666666666,201258.5,215536.1,24780.0,"Greenville, NC"
394428,260,"Burlington, NC",msa,NC,159137.16666666666,174773.66666666666,204346.66666666666,233277.25,240574.9,15500.0,"Burlington, NC"
395210,261,"Waterloo, IA",msa,IA,142190.5,145147.16666666666,152233.58333333334,160970.5,169286.8,47940.0,"Waterloo-Cedar Falls, IA"
394480,262,"Coeur d'Alene, ID",msa,ID,321256.5833333333,377048.3333333333,473133.3333333333,522714.1666666667,508715.7,17660.0,"Coeur d'Alene, ID"
394553,263,"East Stroudsburg, PA",msa,PA,151368.08333333334,167572.58333333334,221740.91666666666,257894.16666666666,273182.5,20700.0,"East Stroudsburg, PA"
395007,264,"Pueblo, CO",msa,CO,183124.41666666666,203445.66666666666,246633.83333333334,267925.3333333333,274472.5,39380.0,"Pueblo, CO"
394392,265,"Blacksburg, VA",msa,VA,176026.33333333334,200899.83333333334,217987.0,242367.66666666666,254383.2,13980.0,"Blacksburg-Christiansburg-Radford, VA"
395215,266,"Wausau, WI",msa,WI,151578.66666666666,166214.58333333334,175472.33333333334,189530.5,204701.8,48140.0,"Wausau, WI"
394731,267,"Kahului, HI",msa,HI,623258.5,670118.1666666666,782731.5833333334,894373.3333333334,915131.6,27980.0,"Kahului-Wailuku, HI"
394720,268,"Janesville, WI",msa,WI,153305.58333333334,166926.0,185722.25,207998.66666666666,219385.5,27500.0,"Janesville-Beloit, WI"
394393,270,"Bloomington, IN",msa,IN,193312.83333333334,210987.41666666666,234155.66666666666,251306.83333333334,258360.9,14020.0,"Bloomington, IN"
394930,271,"Odessa, TX",msa,TX,219048.41666666666,222824.58333333334,228287.58333333334,239372.33333333334,230436.5,36220.0,"Odessa, TX"
394710,272,"Jackson, MI",msa,MI,135106.5,145697.0,160826.83333333334,166361.08333333334,172431.0,27100.0,"Jackson, MI"
395125,273,"State College, PA",msa,PA,244823.75,261362.75,271175.4166666667,300991.75,317605.8,44300.0,"State College, PA"
395079,274,"Sebastian, FL",msa,FL,222638.33333333334,240516.58333333334,284192.0833333333,323004.8333333333,342771.5,42680.0,"Sebastian-Vero Beach-West Vero Corridor, FL"
394814,275,"Madera, CA",msa,CA,265743.9166666667,296510.9166666667,352497.9166666667,392127.0,400346.8,26580.0,
394814,275,"Madera, CA",msa,CA,265743.9166666667,296510.9166666667,352497.9166666667,392127.0,400346.8,33100.0,
394523,276,"Decatur, AL",msa,AL,128675.58333333333,142841.41666666666,161502.58333333334,192142.41666666666,195547.6,19460.0,"Decatur, AL"
394453,277,"Chambersburg, PA",msa,PA,171978.58333333334,183130.75,201407.41666666666,223812.33333333334,241393.1,16540.0,"Chambersburg, PA"
395193,278,"Vineland, NJ",msa,NJ,132033.83333333334,156260.91666666666,177227.58333333334,193687.58333333334,205005.0,47220.0,"Vineland, NJ"
394703,279,"Idaho Falls, ID",msa,ID,219937.08333333334,253075.58333333334,335875.5,386008.75,364873.7,26820.0,"Idaho Falls, ID"
394639,280,"Grand Junction, CO",msa,CO,247064.91666666666,272790.0833333333,308370.25,361850.3333333333,370964.0,24300.0,"Grand Junction, CO"
394563,281,"Elizabethtown, KY",msa,KY,152944.75,174037.91666666666,191696.83333333334,214249.5,223280.7,21060.0,"Elizabethtown, KY"
394917,282,"Niles, MI",msa,MI,173128.08333333334,193609.83333333334,204029.83333333334,217437.66666666666,230354.1,35660.0,"Niles, MI"
394873,283,"Monroe, MI",msa,MI,166679.5,174360.33333333334,187290.75,210285.91666666666,213857.5,33780.0,"Monroe, MI"
395066,284,"Santa Fe, NM",msa,NM,376343.5,409001.8333333333,473821.25,541814.8333333334,568731.4,42140.0,"Santa Fe, NM"
394493,285,"Concord, NH",msa,NH,247515.08333333334,270679.4166666667,323040.75,370766.9166666667,387742.7,18180.0,"Concord, NH"
394314,286,"Alexandria, LA",msa,LA,147024.75,166752.5,174658.41666666666,182341.41666666666,178019.5,10780.0,"Alexandria, LA"
395163,287,"Traverse City, MI",msa,MI,232051.16666666666,255489.08333333334,281701.0,327324.75,351815.7,45900.0,"Traverse City, MI"
394359,288,"Bangor, ME",msa,ME,146582.0,161450.91666666666,188241.75,213149.75,235187.2,12620.0,"Bangor, ME"
394685,289,"Homosassa Springs, FL",msa,FL,153793.75,170577.25,207283.75,255741.0,261129.2,26140.0,"Homosassa Springs, FL"
394662,290,"Hanford, CA",msa,CA,229232.5,250947.0,295919.9166666667,320842.0,327044.4,25260.0,"Hanford-Corcoran, CA"
394723,291,"Jefferson City, MO",msa,MO,147409.08333333334,159989.16666666666,182258.08333333334,201107.83333333334,215728.3,27620.0,"Jefferson City, MO"
394598,292,"Florence, AL",msa,AL,122198.25,131853.66666666666,142553.08333333334,154739.0,167167.7,22520.0,"Florence-Muscle Shoals, AL"
394537,293,"Dothan, AL",msa,AL,133522.75,145619.5,161203.58333333334,171073.08333333334,174050.1,20020.0,"Dothan, AL"
394802,294,"London, KY",msa,KY,123832.16666666667,134823.83333333334,154924.41666666666,175150.91666666666,179777.6,26580.0,
394802,294,"London, KY",msa,KY,123832.16666666667,134823.83333333334,154924.41666666666,175150.91666666666,179777.6,33100.0,
394306,295,"Albany, GA",msa,GA,121995.16666666667,133093.5,147323.41666666666,154162.58333333334,171965.0,10500.0,"Albany, GA"
845167,296,"Ottawa, IL",msa,IL,106046.16666666667,121382.66666666667,122576.16666666667,130319.75,131223.8,36837.0,"Ottawa, IL"
395102,297,"Sioux City, IA",msa,IA,143864.41666666666,153552.91666666666,163111.5,184022.41666666666,201784.2,43580.0,"Sioux City, IA-NE-SD"
395223,298,"Wichita Falls, TX",msa,TX,128593.58333333333,140230.0,161693.83333333334,177070.58333333334,188934.0,48660.0,"Wichita Falls, TX"
395182,300,"Valdosta, GA",msa,GA,144959.25,147937.66666666666,170805.25,188400.0,202633.4,46660.0,"Valdosta, GA"
394800,301,"Logan, UT",msa,UT,252339.41666666666,279387.1666666667,334716.25,402100.8333333333,406647.8,30860.0,"Logan, UT-ID"
394595,302,"Flagstaff, AZ",msa,AZ,352997.1666666667,389780.5833333333,491096.8333333333,608565.1666666666,611757.4,22380.0,"Flagstaff, AZ"
395036,303,"Rocky Mount, NC",msa,NC,115795.91666666667,129026.91666666667,147024.75,170536.5,171174.8,40580.0,"Rocky Mount, NC"
395000,304,"Pottsville, PA",msa,PA,89220.08333333333,91588.16666666667,86050.33333333333,95132.5,106182.5,39060.0,"Pottsville, PA"
394515,305,"Dalton, GA",msa,GA,136538.5,151532.41666666666,179070.08333333334,198386.75,213207.0,19140.0,"Dalton, GA"
394783,306,"Lebanon, PA",msa,PA,168981.91666666666,178598.75,191252.91666666666,217941.58333333334,222056.8,30140.0,"Lebanon, PA"
394880,307,"Morristown, TN",msa,TN,152816.0,168888.66666666666,197445.83333333334,236438.75,245359.4,34100.0,"Morristown, TN"
395232,308,"Winchester, VA",msa,VA,231528.58333333334,262398.25,292865.5,319362.8333333333,334785.2,49020.0,"Winchester, VA-WV"
395221,309,"Wheeling, WV",msa,OH,108347.16666666667,109444.0,123976.36363636363,124284.16666666667,119128.6,48540.0,"Wheeling, WV-OH"
394879,310,"Morgantown, WV",msa,WV,194158.58333333334,205082.41666666666,213559.0,218854.33333333334,222926.2,34060.0,"Morgantown, WV"
394756,311,"La Crosse, WI",msa,WI,186759.41666666666,200752.66666666666,214323.16666666666,234505.25,248544.9,29100.0,"La Crosse-Onalaska, WI-MN"
394900,312,"Napa, CA",msa,CA,674423.5,705856.1666666666,800327.1666666666,899392.5,839589.5,34900.0,"Napa, CA"
395013,313,"Rapid City, SD",msa,SD,224057.33333333334,242641.0,280218.9166666667,331657.3333333333,337856.6,39660.0,"Rapid City, SD"
395139,314,"Sumter, SC",msa,SC,137846.25,152237.5,173004.41666666666,188804.41666666666,195912.6,44940.0,"Sumter, SC"
394577,315,"Eureka, CA",msa,CA,311286.5833333333,322607.5833333333,383618.6666666667,428908.0,412466.4,21700.0,"Eureka-Arcata, CA"
395117,316,"Springfield, OH",msa,OH,114112.58333333333,118518.16666666667,133907.81818181818,138877.83333333334,145700.0,44220.0,"Springfield, OH"
394668,317,"Harrisonburg, VA",msa,VA,206814.75,227473.25,249084.58333333334,285573.3333333333,301164.3,25500.0,"Harrisonburg, VA"
394368,318,"Battle Creek, MI",msa,MI,120497.0,127826.25,144965.33333333334,152553.83333333334,156116.1,12980.0,"Battle Creek, MI"
395094,319,"Sherman, TX",msa,TX,179339.08333333334,184868.25,237721.16666666666,267915.4166666667,269408.1,43300.0,"Sherman-Denison, TX"
394442,321,"Carbondale, IL",msa,IL,127956.0,128969.08333333333,120720.58333333333,120875.08333333333,126048.2,16060.0,"Carbondale, IL"
394727,322,"Johnstown, PA",msa,PA,73675.58333333333,78967.0,83280.41666666667,101386.25,97618.5,27780.0,"Johnstown, PA"
394728,323,"Jonesboro, AR",msa,AR,142092.0,151877.5,173574.16666666666,190500.83333333334,191342.2,27860.0,"Jonesboro, AR"
394390,324,"Bismarck, ND",msa,ND,250340.08333333334,256012.08333333334,260998.5,267359.0833333333,278494.7,13900.0,"Bismarck, ND"
394661,325,"Hammond, LA",msa,LA,157302.91666666666,174292.91666666666,193061.33333333334,215532.5,212888.5,25220.0,"Hammond, LA"
394983,326,"Pittsfield, MA",msa,MA,210955.41666666666,246961.66666666666,271050.6666666667,306033.4166666667,318155.8,38340.0,"Pittsfield, MA"
394890,327,"Mount Vernon, WA",msa,WA,346314.75,383795.25,462732.25,514631.5,521924.6,34580.0,"Mount Vernon-Anacortes, WA"
394719,328,"Jamestown, NY",msa,NY,97378.08333333333,113364.58333333333,126333.91666666667,147728.25,145983.2,27420.0,"Jamestown, ND"
395153,329,"The Villages, FL",msa,FL,265294.9166666667,277422.0833333333,305724.9166666667,387624.0833333333,392965.0,48680.0,"Wildwood-The Villages, FL"
394307,330,"Albany, OR",msa,OR,254651.41666666666,285425.4166666667,332643.8333333333,371893.1666666667,380528.3,10540.0,"Albany, OR"
394633,331,"Glens Falls, NY",msa,NY,173189.66666666666,187240.16666666666,211642.58333333334,236736.08333333334,235574.0,24020.0,"Glens Falls, NY"
394780,332,"Lawton, OK",msa,OK,124799.5,131600.5,132690.0,139028.41666666666,140929.2,30020.0,"Lawton, OK"
394474,334,"Cleveland, TN",msa,TN,162792.58333333334,187271.66666666666,217231.0,244475.5,260766.3,17420.0,"Cleveland, TN"
395098,335,"Sierra Vista, AZ",msa,AZ,164430.08333333334,180864.33333333334,201286.75,237855.83333333334,244177.6,43420.0,"Sierra Vista-Douglas, AZ"
394325,336,"Ames, IA",msa,IA,177387.33333333334,189399.25,201169.16666666666,213663.83333333334,228048.0,11180.0,"Ames, IA"
394824,337,"Mansfield, OH",msa,OH,110554.25,119983.25,128543.75,140305.83333333334,141521.7,31900.0,"Mansfield, OH"
395128,338,"Staunton, VA",msa,VA,187340.33333333334,205845.16666666666,232139.16666666666,258214.33333333334,272126.9,44420.0,"Staunton-Stuarts Draft, VA"
394353,339,"Augusta, ME",msa,ME,161080.5,185015.16666666666,229767.5,253229.33333333334,283062.3,12300.0,"Augusta-Waterville, ME"
394321,340,"Altoona, PA",msa,PA,108892.83333333333,113506.83333333333,128137.58333333333,133495.75,144446.2,11020.0,"Altoona, PA"
394905,341,"New Bern, NC",msa,NC,157380.16666666666,173112.66666666666,203412.33333333334,235072.66666666666,253407.3,35100.0,"New Bern, NC"
394588,342,"Farmington, NM",msa,NM,192636.91666666666,196361.66666666666,207047.08333333334,238661.58333333334,248550.4,22140.0,"Farmington, NM"
395120,343,"St. Joseph, MO",msa,MO,127351.83333333333,133636.75,144642.16666666666,152667.91666666666,160376.6,41140.0,"St. Joseph, MO-KS"
395218,345,"Wenatchee, WA",msa,WA,333195.5833333333,359632.6666666667,414199.5833333333,464267.4166666667,470935.5,48300.0,"Wenatchee-East Wenatchee, WA"
753890,347,"Holland, MI",msa,MI,184004.16666666666,213442.16666666666,239979.0,270618.6666666667,267031.7,26090.0,"Holland, MI"
394810,348,"Lumberton, NC",msa,NC,83247.75,101193.91666666667,121283.41666666667,122515.91666666667,126101.0,31300.0,"Lumberton, NC"
394778,349,"Lawrence, KS",msa,KS,208630.0,226506.5,247479.58333333334,280032.1666666667,292338.5,29940.0,"Lawrence, KS"
394635,350,"Goldsboro, NC",msa,NC,147307.58333333334,151471.08333333334,173972.5,193812.25,196357.9,24140.0,"Goldsboro, NC"
395213,351,"Watertown, NY",msa,NY,150282.66666666666,155585.33333333334,173889.83333333334,188200.41666666666,195204.1,48060.0,"Watertown-Fort Drum, NY"
395089,352,"Sheboygan, WI",msa,WI,162060.25,169263.41666666666,180282.0,202252.91666666666,218483.3,43100.0,"Sheboygan, WI"
395217,353,"Weirton, WV",msa,OH,89490.0,99285.08333333333,113991.33333333333,122553.33333333333,110957.3,48260.0,"Weirton-Steubenville, WV-OH"
394867,354,"Missoula, MT",msa,MT,302601.5,334699.6666666667,434029.8333333333,507738.25,517146.2,33540.0,"Missoula, MT"
394407,356,"Bozeman, MT",msa,MT,389140.0833333333,443433.3333333333,569734.6666666666,661542.8333333334,680871.9,14580.0,"Bozeman, MT"
394333,357,"Anniston, AL",msa,AL,101316.66666666667,108673.33333333333,137021.91666666666,155798.83333333334,149016.4,11500.0,"Anniston-Oxford, AL"
395225,359,"Williamsport, PA",msa,PA,142650.5,148122.66666666666,166105.16666666666,174011.58333333334,181464.3,48700.0,"Williamsport, PA"
394423,360,"Brunswick, GA",msa,GA,210827.16666666666,248566.66666666666,273095.6666666667,299753.0833333333,316640.7,15260.0,"Brunswick-St. Simons, GA"
753872,361,"California, MD",msa,MD,273669.0833333333,300047.5833333333,323212.5,347015.3333333333,362739.4,26580.0,
753872,361,"California, MD",msa,MD,273669.0833333333,300047.5833333333,323212.5,347015.3333333333,362739.4,33100.0,
395173,361,"Twin Falls, ID",msa,ID,198507.0,223735.75,292647.4166666667,333665.8333333333,326987.2,46300.0,"Twin Falls, ID"
394495,363,"Cookeville, TN",msa,TN,148498.41666666666,170567.16666666666,212045.91666666666,254577.08333333334,250825.7,18260.0,"Cookeville, TN"
394893,364,"Muncie, IN",msa,IN,105536.25,113260.16666666667,122724.33333333333,132110.75,145190.9,34620.0,"Muncie, IN"
394857,365,"Michigan City, IN",msa,IN,141782.08333333334,153410.58333333334,163474.58333333334,187103.75,189422.0,33140.0,"Michigan City-La Porte, IN"
395039,366,"Roseburg, OR",msa,OR,226288.33333333334,241463.91666666666,285728.8333333333,320023.1666666667,309047.2,40700.0,"Roseburg, OR"
394788,367,"Lewiston, ME",msa,ME,168473.41666666666,192816.5,226424.41666666666,258483.75,294854.3,26580.0,
394788,367,"Lewiston, ME",msa,ME,168473.41666666666,192816.5,226424.41666666666,258483.75,294854.3,33100.0,
394804,368,"Longview, WA",msa,WA,260395.91666666666,291676.8333333333,334086.0833333333,353742.5833333333,367173.9,31020.0,"Longview-Kelso, WA"
394932,369,"Ogdensburg, NY",msa,NY,90956.33333333333,96624.08333333333,119760.33333333333,128265.91666666667,126122.0,32390.0,"Massena-Ogdensburg, NY"
394734,370,"Kankakee, IL",msa,IL,141369.58333333334,151252.25,164562.91666666666,170543.41666666666,164447.1,28100.0,"Kankakee, IL"
395095,372,"Show Low, AZ",msa,AZ,219324.75,243279.41666666666,302434.9166666667,349732.5833333333,368658.5,43320.0,"Show Low, AZ"
395023,373,"Richmond, KY",msa,KY,159264.83333333334,182453.16666666666,199285.91666666666,226856.16666666666,242299.3,40080.0,"Richmond-Berea, KY"
395168,374,"Tullahoma, TN",msa,TN,153675.91666666666,178969.25,209286.41666666666,243318.5,255282.4,46100.0,"Tullahoma-Manchester, TN"
395222,375,"Whitewater, WI",msa,WI,207754.33333333334,230500.16666666666,260588.58333333334,279700.75,298666.7,48580.0,"Whitewater-Elkhorn, WI"
394709,376,"Ithaca, NY",msa,NY,216236.83333333334,242415.91666666666,265785.9166666667,307098.0833333333,314867.3,27060.0,"Ithaca, NY"
394637,377,"Grand Forks, ND",msa,MN,203952.16666666666,204835.08333333334,210298.75,221510.91666666666,220828.7,24220.0,"Grand Forks, ND-MN"
394524,378,"Decatur, IL",msa,IL,92306.16666666667,98195.08333333333,101790.41666666667,117021.0,116371.3,19500.0,"Decatur, IL"
394762,379,"LaGrange, GA",msa,GA,129858.91666666667,143218.08333333334,171460.83333333334,178700.75,183850.3,29300.0,"LaGrange, GA-AL"
394369,380,"Bay City, MI",msa,MI,98923.08333333333,103280.91666666667,121805.33333333333,139628.25,145882.0,13020.0,"Bay City, MI"
394599,381,"Fond du Lac, WI",msa,WI,141181.5,147235.33333333334,169499.33333333334,182381.83333333334,209039.7,22540.0,"Fond du Lac, WI"
394630,382,"Gettysburg, PA",msa,PA,191452.5,214798.08333333334,238569.08333333334,252669.66666666666,259931.8,23900.0,"Gettysburg, PA"
394620,383,"Gadsden, AL",msa,AL,120732.91666666667,153827.33333333334,175990.16666666666,179023.16666666666,194402.3,23460.0,"Gadsden, AL"
394733,384,"Kalispell, MT",msa,MT,323855.3333333333,361280.6666666667,482239.0,572457.5,555597.6,28060.0,"Kalispell, MT"
394518,385,"Danville, VA",msa,VA,95824.16666666667,108035.66666666667,116540.41666666667,123014.33333333333,119598.7,19260.0,"Danville, VA"
394823,386,"Mankato, MN",msa,MN,193665.08333333334,214426.5,227500.41666666666,236682.0,247389.6,31860.0,"Mankato, MN"
394794,387,"Lima, OH",msa,OH,110083.08333333333,118298.66666666667,134947.16666666666,139926.0,148511.5,30620.0,"Lima, OH"
753915,388,"Salem, OH",msa,OH,107348.66666666667,104711.41666666667,117751.83333333333,127230.75,131082.4,41400.0,"Salem, OH"
395166,389,"Truckee, CA",msa,CA,445073.1666666667,483910.9166666667,587236.8333333334,600630.1666666666,575016.1,46020.0,"Truckee-Grass Valley, CA"
395080,390,"Sebring, FL",msa,FL,135735.16666666666,153602.66666666666,178257.66666666666,215027.41666666666,221014.0,42700.0,"Sebring, FL"
394462,391,"Cheyenne, WY",msa,WY,252789.16666666666,275351.25,307136.0833333333,341076.5,347812.1,16940.0,"Cheyenne, WY"
394689,392,"Hot Springs, AR",msa,AR,154276.75,174430.08333333334,213867.58333333334,239548.25,240365.5,26300.0,"Hot Springs, AR"
394302,393,"Adrian, MI",msa,MI,142666.58333333334,150334.83333333334,167068.0,198466.91666666666,202108.9,10300.0,"Adrian, MI"
395090,394,"Shelby, NC",msa,NC,122568.5,141244.58333333334,158041.0,175064.41666666666,189149.3,43140.0,"Shelby-Kings Mountain, NC"
394542,396,"Dubuque, IA",msa,IA,169725.66666666666,177603.33333333334,185417.08333333334,202308.75,214085.66666666666,20220.0,"Dubuque, IA"
753912,398,"Pinehurst, NC",msa,NC,247639.66666666666,274298.25,314707.4166666667,370433.1666666667,393424.3,38240.0,"Pinehurst-Southern Pines, NC"
394953,399,"Paducah, KY",msa,KY,123223.75,141546.41666666666,152458.33333333334,157984.83333333334,166149.3,37140.0,"Paducah, KY-IL"
395190,400,"Victoria, TX",msa,TX,180833.08333333334,187388.83333333334,206619.33333333334,224354.83333333334,225100.0,47020.0,"Victoria, TX"
395038,401,"Rome, GA",msa,GA,129685.75,143327.91666666666,166581.08333333334,188155.58333333334,199467.8,40660.0,"Rome, GA"
395086,402,"Sevierville, TN",msa,TN,221983.91666666666,260003.66666666666,376200.25,465848.5833333333,438933.0,42940.0,"Sevierville, TN"
394882,403,"Moses Lake, WA",msa,WA,213645.08333333334,239770.58333333334,290998.1666666667,335225.0833333333,325820.3,34180.0,"Moses Lake, WA"
394340,404,"Ashtabula, OH",msa,OH,96195.16666666667,116135.75,125835.58333333333,131221.5,140815.7,26580.0,
394340,404,"Ashtabula, OH",msa,OH,96195.16666666667,116135.75,125835.58333333333,131221.5,140815.7,33100.0,
394441,405,"Cape Girardeau, MO",msa,MO,152063.91666666666,163320.41666666666,170123.58333333334,181552.41666666666,192726.3,16020.0,"Cape Girardeau, MO-IL"
394311,406,"Albertville, AL",msa,AL,132887.5,151812.16666666666,175518.91666666666,195507.91666666666,201707.5,10700.0,"Albertville, AL"
394410,408,"Brainerd, MN",msa,MN,207587.66666666666,225978.58333333334,261000.33333333334,285875.5,304309.9,14660.0,"Brainerd, MN"
394513,409,"Cumberland, MD",msa,MD,104918.5,118977.5,146367.75,152603.5,144038.1,19060.0,"Cumberland, MD-WV"
394928,410,"Ocean City, NJ",msa,NJ,349866.6666666667,419517.9166666667,497714.8333333333,524287.9166666667,543250.7,26580.0,
394928,410,"Ocean City, NJ",msa,NJ,349866.6666666667,419517.9166666667,497714.8333333333,524287.9166666667,543250.7,33100.0,
394505,411,"Corvallis, OR",msa,OR,364403.25,391931.5833333333,445115.4166666667,506836.9166666667,524524.1,18700.0,"Corvallis, OR"
394501,413,"Corning, NY",msa,NY,102876.08333333333,119397.33333333333,131949.08333333334,139215.08333333334,137918.6,18500.0,"Corning, NY"
394911,414,"New Philadelphia, OH",msa,OH,117477.25,124087.08333333333,140192.66666666666,150687.58333333334,171653.2,35420.0,"New Philadelphia-Dover, OH"
395140,415,"Sunbury, PA",msa,PA,100392.25,98186.33333333333,103397.16666666667,103231.58333333333,91675.7,44980.0,"Sunbury, PA"
395175,416,"Ukiah, CA",msa,CA,398377.8333333333,428460.5,504356.9166666667,532453.0,488276.3,46380.0,"Ukiah, CA"
753887,417,"Hermiston, OR",msa,OR,197023.58333333334,225229.66666666666,254976.16666666666,281032.0833333333,283638.9,25840.0,"Hermiston-Pendleton, OR"
394469,418,"Clarksburg, WV",msa,WV,134672.5,139233.58333333334,144366.83333333334,159383.91666666666,161212.1,17220.0,"Clarksburg, WV"
394964,419,"Parkersburg, WV",msa,WV,121517.41666666667,135201.0,147605.08333333334,150145.41666666666,152863.9,37620.0,"Parkersburg-Vienna, WV"
394373,420,"Beaver Dam, WI",msa,WI,154426.83333333334,174297.83333333334,194155.66666666666,207972.25,219564.0,13180.0,"Beaver Dam, WI"
394980,421,"Pine Bluff, AR",msa,AR,100171.25,104227.41666666667,124516.41666666667,135189.25,131564.5,38220.0,"Pine Bluff, AR"
394641,422,"Grants Pass, OR",msa,OR,282582.25,309861.1666666667,370177.5833333333,396238.4166666667,385563.9,24420.0,"Grants Pass, OR"
394511,424,"Cullman, AL",msa,AL,145313.66666666666,168478.08333333334,201293.83333333334,232122.33333333334,244662.0,18980.0,"Cullman, AL"
395248,426,"Zanesville, OH",msa,OH,125056.41666666667,134623.08333333334,145870.0,144974.83333333334,156228.3,49780.0,"Zanesville, OH"
394907,427,"New Castle, PA",msa,PA,93402.5,97336.83333333333,104258.0,119006.5,123661.9,26580.0,
394907,427,"New Castle, PA",msa,PA,93402.5,97336.83333333333,104258.0,119006.5,123661.9,33100.0,
394925,428,"Oak Harbor, WA",msa,WA,366699.25,402447.1666666667,490291.3333333333,527203.1666666666,541000.7,36020.0,"Oak Harbor, WA"
394942,429,"Orangeburg, SC",msa,SC,112435.58333333333,131840.66666666666,148175.0,157340.33333333334,161839.7,36700.0,"Orangeburg, SC"
395212,430,"Watertown, WI",msa,WI,210960.91666666666,223501.5,244000.66666666666,263092.75,294129.8,48020.0,"Watertown-Fort Atkinson, WI"
394847,431,"Meadville, PA",msa,PA,103617.66666666667,110037.25,122198.83333333333,137190.25,142181.4,32740.0,"Meadville, PA"
394644,433,"Great Falls, MT",msa,MT,189525.33333333334,204872.33333333334,233890.08333333334,274366.4166666667,292963.1,24500.0,"Great Falls, MT"
394704,436,"Indiana, PA",msa,PA,102030.08333333333,106438.08333333333,117464.91666666667,122075.58333333333,135288.6,26860.0,"Indiana, PA"
394859,437,"Midland, MI",msa,MI,142492.5,144465.5,167906.0,192393.08333333334,194642.9,33220.0,"Midland, MI"
394755,438,"Kokomo, IN",msa,IN,113020.08333333333,119898.41666666667,129790.83333333333,147417.66666666666,149546.2,29020.0,"Kokomo, IN"
394395,439,"Bloomsburg, PA",msa,PA,143164.5,156584.25,175028.66666666666,183881.0,187355.0,14100.0,"Bloomsburg-Berwick, PA"
394675,441,"Helena, MT",msa,MT,263983.3333333333,284731.5,362929.1666666667,426863.5833333333,418357.8,25740.0,"Helena, MT"
394744,442,"Key West, FL",msa,FL,538269.3333333334,597288.25,705506.8333333334,847481.5,910206.4,28580.0,"Key West-Key Largo, FL"
395145,443,"Talladega, AL",msa,AL,143221.91666666666,151311.08333333334,171105.0,187547.33333333334,192014.9,45180.0,"Talladega-Sylacauga, AL"
394489,445,"Columbus, IN",msa,IN,177200.58333333334,186403.58333333334,220305.66666666666,236149.75,239237.6,18020.0,"Columbus, IN"
394345,446,"Athens, TX",msa,TX,203426.41666666666,229328.83333333334,258837.08333333334,291311.1666666667,295092.8,11980.0,"Athens, TX"
394452,447,"Centralia, WA",msa,WA,246486.66666666666,280940.5,342109.4166666667,392480.0,392687.8,16500.0,"Centralia, WA"
394822,448,"Manitowoc, WI",msa,WI,116915.0,125035.91666666667,144613.25,160477.83333333334,179685.9,31820.0,"Manitowoc, WI"
394682,449,"Hinesville, GA",msa,GA,137913.0,145879.91666666666,171702.08333333334,202998.91666666666,226281.0,25980.0,"Hinesville, GA"
394541,450,"DuBois, PA",msa,PA,83145.83333333333,92524.75,101350.41666666667,122102.66666666667,117909.7,20180.0,"DuBois, PA"
395205,451,"Warsaw, IN",msa,IN,174472.5,191819.75,206366.75,215600.08333333334,239280.0,47700.0,"Warsaw, IN"
394986,452,"Plattsburgh, NY",msa,NY,137413.58333333334,150962.41666666666,182247.83333333334,213083.91666666666,216989.2,38460.0,"Plattsburgh, NY"
395126,453,"Statesboro, GA",msa,GA,140933.91666666666,154550.75,176171.08333333334,205277.58333333334,242210.2,44340.0,"Statesboro, GA"
394445,454,"Casper, WY",msa,WY,213758.08333333334,220777.83333333334,239898.41666666666,261090.0,275545.4,16220.0,"Casper, WY"
395231,455,"Wilson, NC",msa,NC,129767.91666666667,140600.41666666666,163805.91666666666,176358.83333333334,174765.8,48980.0,"Wilson, NC"
753881,456,"Glenwood Springs, CO",msa,CO,423459.75,505379.9166666667,597764.3333333334,557152.5,625217.5,26580.0,
753881,456,"Glenwood Springs, CO",msa,CO,423459.75,505379.9166666667,597764.3333333334,557152.5,625217.5,33100.0,
395085,457,"Seneca, SC",msa,SC,170601.25,207081.91666666666,223354.75,257390.75,271255.7,42860.0,"Seneca, SC"
394936,459,"Olean, NY",msa,NY,89890.0,110197.16666666667,128212.25,133148.16666666666,133135.6,36460.0,"Olean, NY"
394465,460,"Chillicothe, OH",msa,OH,105323.0,132143.66666666666,143032.75,149734.5,157667.33333333334,17060.0,"Chillicothe, OH"
395077,461,"Searcy, AR",msa,AR,118009.0,135334.58333333334,151037.41666666666,160984.66666666666,173473.9,42620.0,"Searcy, AR"
394638,462,"Grand Island, NE",msa,NE,145779.58333333334,153401.41666666666,170122.41666666666,199262.41666666666,204710.0,24260.0,"Grand Island, NE"
394994,463,"Port Angeles, WA",msa,WA,285246.5833333333,340983.9166666667,429867.0,492058.25,483127.3,38820.0,"Port Angeles, WA"
394350,464,"Auburn, NY",msa,NY,124999.5,139279.66666666666,156244.5,163423.58333333334,179601.4,12180.0,"Auburn, NY"
394699,465,"Huntsville, TX",msa,TX,177199.91666666666,192721.58333333334,225711.25,245191.75,250530.1,26660.0,"Huntsville, TX"
394738,466,"Keene, NH",msa,NH,196012.41666666666,224983.66666666666,260196.91666666666,289727.9166666667,312312.9,28300.0,"Keene, NH"
394674,467,"Heber, UT",msa,UT,640039.75,699718.1666666666,815219.8333333334,976106.75,978139.8,25720.0,"Heber, UT"
395010,468,"Quincy, IL",msa,IL,118097.41666666667,126111.58333333333,129547.58333333333,138489.83333333334,140623.2,39500.0,"Quincy, IL-MO"
395062,469,"Sandusky, OH",msa,OH,130833.66666666667,146499.83333333334,158995.25,170659.75,172376.0,41780.0,"Sandusky, OH"
394593,470,"Findlay, OH",msa,OH,150204.5,153402.91666666666,166101.41666666666,173380.5,183091.1,22300.0,"Findlay, OH"
394614,471,"Frankfort, KY",msa,KY,144465.91666666666,160136.66666666666,177693.91666666666,201910.58333333334,218988.9,23180.0,"Frankfort, KY"
394516,472,"Danville, IL",msa,IL,66446.33333333333,73387.91666666667,79155.25,86333.83333333333,86889.0,19180.0,"Danville, IL"
394298,473,"Aberdeen, WA",msa,WA,191931.33333333334,221137.08333333334,276279.1666666667,309086.1666666667,313352.3,10140.0,"Aberdeen, WA"
394999,474,"Portsmouth, OH",msa,OH,82099.0,94552.25,108925.83333333333,119098.08333333333,106726.3,39020.0,"Portsmouth, OH"
395106,475,"Somerset, PA",msa,PA,126353.33333333333,138485.16666666666,170390.66666666666,175099.58333333334,165636.7,43740.0,"Somerset, PA"
753928,476,"Wisconsin Rapids, WI",msa,WI,118511.0,125692.5,145612.58333333334,167529.25,171798.1,49220.0,"Wisconsin Rapids-Marshfield, WI"
753893,477,"Jefferson, GA",msa,GA,216788.83333333334,246195.91666666666,287974.8333333333,346580.0,358057.2,27600.0,"Jefferson, GA"
394736,478,"Kapaa, HI",msa,HI,630373.3333333334,699843.25,800175.1666666666,916484.1666666666,920132.9,28180.0,"Kapaa, HI"
394955,479,"Palatka, FL",msa,FL,133554.58333333334,154342.75,160061.66666666666,185992.66666666666,193642.8,37260.0,"Palatka, FL"
394683,481,"Hobbs, NM",msa,NM,,,175321.5,205334.25,190723.2,26020.0,"Hobbs, NM"
395088,482,"Shawnee, OK",msa,OK,119866.83333333333,135492.58333333334,149493.25,154713.08333333334,160940.1,43060.0,"Shawnee, OK"
394884,484,"Mount Airy, NC",msa,NC,130228.0,141093.41666666666,158332.58333333334,169366.75,196071.6,34340.0,"Mount Airy, NC"
395132,485,"Stevens Point, WI",msa,WI,176227.08333333334,190645.25,208449.66666666666,225022.33333333334,249658.2,44620.0,"Stevens Point-Plover, WI"
394647,486,"Greeneville, TN",msa,TN,132633.25,138420.33333333334,164208.25,187777.5,195476.3,24620.0,"Greeneville, TN"
394655,488,"Greenwood, SC",msa,SC,118993.0,141328.91666666666,161535.25,169092.91666666666,189787.7,24940.0,"Greenwood, SC"
394764,489,"Lake City, FL",msa,FL,145279.16666666666,175529.83333333334,201584.16666666666,224010.58333333334,230231.3,29380.0,"Lake City, FL"
394752,490,"Klamath Falls, OR",msa,OR,180952.83333333334,209476.33333333334,260272.25,274227.0,292003.5,28900.0,"Klamath Falls, OR"
394877,491,"Morehead City, NC",msa,NC,263061.5833333333,282580.25,338152.8333333333,380122.75,409225.7,33980.0,"Morehead City, NC"
394472,492,"Clearlake, CA",msa,CA,250049.33333333334,282303.3333333333,321806.4166666667,340634.75,320703.5,17340.0,"Clearlake, CA"
394305,493,"Alamogordo, NM",msa,NM,150413.75,174076.83333333334,196841.66666666666,206821.33333333334,209752.3,10460.0,"Alamogordo, NM"
395027,494,"Roanoke Rapids, NC",msa,NC,102186.91666666667,106061.58333333333,112003.33333333333,121165.58333333333,124878.6,40260.0,"Roanoke Rapids, NC"
394587,495,"Farmington, MO",msa,MO,125434.58333333333,141332.16666666666,154622.91666666666,166786.66666666666,169249.3,22100.0,"Farmington, MO"
394897,496,"Muskogee, OK",msa,OK,105729.25,118023.75,133464.25,147964.58333333334,147300.7,34780.0,"Muskogee, OK"
394826,497,"Marion, IN",msa,IN,92125.75,99016.91666666667,106932.5,122413.75,127233.0,31980.0,"Marion, IN"
394586,498,"Faribault, MN",msa,MN,228936.08333333334,242080.5,270429.0,279092.5833333333,285687.5,22060.0,"Faribault-Northfield, MN"
394829,500,"Marquette, MI",msa,MI,159227.66666666666,171675.25,167281.66666666666,180075.08333333334,202605.0,32100.0,"Marquette, MI"
394922,501,"North Wilkesboro, NC",msa,NC,125742.83333333333,159356.75,173977.58333333334,196643.75,208131.0,35900.0,"North Wilkesboro, NC"
394885,502,"Mount Pleasant, MI",msa,MI,138000.08333333334,142473.33333333334,143019.16666666666,153176.25,162151.9,34380.0,"Mount Pleasant, MI"
394827,504,"Marion, OH",msa,OH,95460.58333333333,106381.83333333333,127141.75,125159.41666666667,133293.5,32020.0,"Marion, OH"
394360,505,"Baraboo, WI",msa,WI,184179.66666666666,208643.91666666666,215812.58333333334,233054.5,245985.8,12660.0,"Baraboo, WI"
395016,506,"Red Bluff, CA",msa,CA,236483.0,256161.41666666666,304235.3333333333,307665.1666666667,311478.0,39780.0,"Red Bluff, CA"
394825,507,"Marinette, WI",msa,WI,102654.41666666667,116278.83333333333,128314.58333333333,156906.08333333334,163801.3,31940.0,"Marinette, WI-MI"
395040,509,"Roswell, NM",msa,NM,146160.16666666666,161108.5,175856.08333333334,185246.0,184121.2,40740.0,"Roswell, NM"
395092,510,"Shelton, WA",msa,WA,259269.08333333334,296815.5833333333,364649.5833333333,411485.0,413960.9,43220.0,"Shelton, WA"
394540,511,"Dublin, GA",msa,GA,115527.41666666667,111534.16666666667,114763.91666666667,151702.33333333334,151868.9,20140.0,"Dublin, GA"
395105,513,"Somerset, KY",msa,KY,140586.91666666666,153873.08333333334,175542.25,197354.83333333334,211305.7,43700.0,"Somerset, KY"
394496,514,"Coos Bay, OR",msa,OR,223712.66666666666,238511.0,280048.25,332708.0833333333,337222.6,18300.0,"Coos Bay-North Bend, OR"
394600,515,"Forest City, NC",msa,NC,146866.91666666666,177130.66666666666,193188.83333333334,209098.41666666666,202046.1,22580.0,"Forest City, NC"
395020,517,"Rexburg, ID",msa,ID,,,,,405322.375,39940.0,"Rexburg, ID"
394787,518,"Lewiston, ID",msa,ID,216961.83333333334,241878.0,275459.25,320339.5833333333,333206.3,30300.0,"Lewiston, ID-WA"
394629,520,"Georgetown, SC",msa,SC,254311.58333333334,277023.75,310952.4166666667,325508.3333333333,360418.6,26580.0,
394629,520,"Georgetown, SC",msa,SC,254311.58333333334,277023.75,310952.4166666667,325508.3333333333,360418.6,33100.0,
394343,521,"Athens, OH",msa,OH,123340.9,129610.66666666667,132801.16666666666,139829.83333333334,126198.0,11900.0,"Athens, OH"
395063,522,"Sanford, NC",msa,NC,154548.5,179038.91666666666,210959.91666666666,255811.58333333334,266034.2,41820.0,"Sanford, NC"
394570,523,"Enid, OK",msa,OK,120201.16666666667,135108.75,135899.75,140635.0,150216.9,21420.0,"Enid, OK"
394889,524,"Mount Vernon, OH",msa,OH,144940.58333333334,159332.16666666666,175088.75,195109.91666666666,214271.5,34540.0,"Mount Vernon, OH"
395199,525,"Walla Walla, WA",msa,WA,251448.75,287075.8333333333,339500.0,382006.0833333333,391504.3,47460.0,"Walla Walla, WA"
394309,526,"Albemarle, NC",msa,NC,155168.75,162444.5,199185.91666666666,228485.83333333334,239166.5,10620.0,"Albemarle, NC"
394693,528,"Hudson, NY",msa,NY,242826.33333333334,302046.25,357660.6666666667,411010.9166666667,456391.3,26460.0,"Hudson, NY"
394443,530,"Carlsbad, NM",msa,NM,,,216336.58333333334,226510.75,221606.2,16100.0,"Carlsbad-Artesia, NM"
395136,532,"Sturgis, MI",msa,MI,124801.83333333333,135437.58333333334,154275.5,166782.91666666666,168208.7,44780.0,"Sturgis, MI"
394509,534,"Crossville, TN",msa,TN,154516.41666666666,174051.83333333334,225186.58333333334,260443.41666666666,270530.9,18900.0,"Crossville, TN"
395071,536,"Sayre, PA",msa,PA,127540.08333333333,143764.25,144248.75,165941.0,161596.5,42380.0,"Sayre, PA"
395049,537,"Salina, KS",msa,KS,144129.14285714287,148577.75,138005.33333333334,153318.33333333334,169479.8,41460.0,"Salina, KS"
753903,538,"Marietta, OH",msa,OH,135176.83333333334,141446.25,148903.66666666666,153453.83333333334,157121.7,31930.0,"Marietta, OH"
394591,539,"Fergus Falls, MN",msa,MN,190085.5,208815.0,203618.16666666666,212042.0,237732.3,22260.0,"Fergus Falls, MN"
394618,541,"Fremont, OH",msa,OH,106267.91666666667,116485.5,126837.33333333333,132571.66666666666,145950.6,23380.0,"Fremont, OH"
394939,542,"Oneonta, NY",msa,NY,132945.0,150933.66666666666,163389.25,187471.25,182268.4,36580.0,"Oneonta, NY"
394923,544,"Norwalk, OH",msa,OH,106748.66666666667,116463.16666666667,130321.16666666667,140399.41666666666,147251.2,35940.0,"Norwalk, OH"
394365,545,"Batavia, NY",msa,NY,,,,,181429.5,12860.0,"Batavia, NY"
394336,546,"Ardmore, OK",msa,OK,123395.5,147205.08333333334,177698.58333333334,176569.83333333334,186953.0,11620.0,"Ardmore, OK"
394605,548,"Fort Madison, IA",msa,IA,,88526.09090909091,108190.75,110636.75,116110.0,22800.0,"Fort Madison, IA"
394456,549,"Charleston, IL",msa,IL,93273.16666666667,97979.66666666667,107410.58333333333,108185.41666666667,114954.1,16660.0,"Charleston-Mattoon, IL"
394592,550,"Fernley, NV",msa,NV,269175.8333333333,285020.75,341627.5833333333,388176.5,374228.7,26580.0,
394592,550,"Fernley, NV",msa,NV,269175.8333333333,285020.75,341627.5833333333,388176.5,374228.7,33100.0,
394444,551,"Carson City, NV",msa,NV,323056.0833333333,339379.0833333333,398828.0833333333,435401.1666666667,414072.0,16180.0,"Carson City, NV"
394432,553,"Calhoun, GA",msa,GA,147058.91666666666,162399.0,194168.5,224257.5,239996.2,15660.0,"Calhoun, GA"
753877,554,"Cullowhee, NC",msa,NC,245925.08333333334,297502.4166666667,331309.4166666667,368504.3333333333,373012.9,26580.0,
753877,554,"Cullowhee, NC",msa,NC,245925.08333333334,297502.4166666667,331309.4166666667,368504.3333333333,373012.9,33100.0,
394737,555,"Kearney, NE",msa,NE,172696.33333333334,183037.08333333334,210472.66666666666,233191.41666666666,237460.1,28260.0,"Kearney, NE"
394582,556,"Fairmont, WV",msa,WV,,144156.9,144808.66666666666,156944.5,144188.7,21900.0,"Fairmont, WV"
394940,557,"Ontario, OR",msa,OR,183654.08333333334,209212.08333333334,265858.3333333333,302712.0833333333,291061.0,36620.0,"Ontario, OR-ID"
394621,558,"Gaffney, SC",msa,SC,119555.33333333333,124249.5,148482.33333333334,162837.66666666666,160166.6,23500.0,"Gaffney, SC"
395131,560,"Sterling, IL",msa,IL,84641.41666666667,92895.75,99305.66666666667,114168.83333333333,107057.0,44580.0,"Sterling, IL"
394411,561,"Branson, MO",msa,MO,152862.33333333334,168674.83333333334,199481.91666666666,243128.41666666666,248528.3,14700.0,"Branson, MO"
394446,562,"Cedar City, UT",msa,UT,225056.08333333334,253749.91666666666,313738.5833333333,372892.6666666667,383621.0,16260.0,"Cedar City, UT"
394721,565,"Jasper, IN",msa,IN,147138.0,165451.83333333334,167614.16666666666,178558.5,185705.1,27540.0,"Jasper, IN"
394556,566,"Edwards, CO",msa,CO,659569.4166666666,770297.8333333334,903863.1666666666,1006152.9166666666,1180897.5,20780.0,"Edwards, CO"
394547,567,"Durango, CO",msa,CO,377563.9166666667,413794.0,469905.75,528649.6666666666,575375.9,20420.0,"Durango, CO"
394750,568,"Kinston, NC",msa,NC,91618.41666666667,96413.41666666667,124010.83333333333,144505.0,131335.3,28820.0,"Kinston, NC"
753920,569,"Sonora, CA",msa,CA,280246.4166666667,297715.0,381589.6666666667,423747.1666666667,402485.7,43760.0,"Sonora, CA"
395157,570,"Tiffin, OH",msa,OH,87718.08333333333,93433.66666666667,117818.0,130748.16666666667,132263.5,45660.0,"Tiffin, OH"
394366,571,"Batesville, AR",msa,AR,,,129392.91666666667,129302.83333333333,135415.2,12900.0,"Batesville, AR"
394989,572,"Point Pleasant, WV",msa,OH,,,,,149745.33333333334,26580.0,
394989,572,"Point Pleasant, WV",msa,OH,,,,,149745.33333333334,33100.0,
394566,573,"Elko, NV",msa,NV,244295.91666666666,255140.66666666666,283961.6666666667,311931.8333333333,304962.3,21220.0,"Elko, NV"
394517,574,"Danville, KY",msa,KY,120663.75,136619.08333333334,161835.41666666666,184921.41666666666,191078.6,19220.0,"Danville, KY"
394632,575,"Glasgow, KY",msa,KY,,149313.0,162216.66666666666,177482.66666666666,196410.9,23980.0,"Glasgow, KY"
395122,576,"St. Marys, GA",msa,GA,172376.58333333334,186230.33333333334,216375.0,247257.83333333334,275715.1,26580.0,
395122,576,"St. Marys, GA",msa,GA,172376.58333333334,186230.33333333334,216375.0,247257.83333333334,275715.1,33100.0,
394402,577,"Boone, NC",msa,NC,262002.75,299239.5833333333,354103.1666666667,391963.0,420901.9,14380.0,"Boone, NC"
395204,578,"Warrensburg, MO",msa,MO,171602.08333333334,186917.5,211249.16666666666,229720.91666666666,246837.4,47660.0,"Warrensburg, MO"
394634,579,"Gloversville, NY",msa,NY,115452.75,134640.0,151884.5,158556.75,171040.6,24100.0,"Gloversville, NY"
394604,580,"Fort Leonard Wood, MO",msa,MO,149471.08333333334,159817.5,172656.16666666666,190723.5,200510.8,22780.0,"Fort Leonard Wood, MO"
394993,581,"Poplar Bluff, MO",msa,MO,115392.08333333333,124793.33333333333,132007.58333333334,139927.25,145694.7,38740.0,"Poplar Bluff, MO"
394562,582,"Elizabeth City, NC",msa,NC,169147.91666666666,191640.25,210994.33333333334,241534.0,234029.6,21020.0,"Elizabeth City, NC"
394967,583,"Payson, AZ",msa,AZ,243076.08333333334,271922.4166666667,338823.8333333333,377631.5,394392.4,37740.0,"Payson, AZ"
394344,584,"Athens, TN",msa,TN,137409.33333333334,141120.83333333334,187035.08333333334,218506.5,224732.3,11940.0,"Athens, TN"
394571,585,"Enterprise, AL",msa,AL,140400.33333333334,150905.91666666666,169761.91666666666,186268.25,194328.5,21460.0,"Enterprise, AL"
394339,586,"Ashland, OH",msa,OH,132700.25,138616.41666666666,146784.83333333334,172806.91666666666,168782.2,11740.0,"Ashland, OH"
394861,588,"Milledgeville, GA",msa,GA,153809.08333333334,196472.58333333334,227502.33333333334,254853.25,292571.6,33300.0,"Milledgeville, GA"
394742,589,"Kerrville, TX",msa,TX,245283.58333333334,270046.25,325958.5,363051.5,364941.7,28500.0,"Kerrville, TX"
394363,590,"Bartlesville, OK",msa,OK,125019.58333333333,124115.66666666667,148081.16666666666,162132.91666666666,155035.9,12780.0,"Bartlesville, OK"
394985,591,"Platteville, WI",msa,WI,130562.41666666667,138540.91666666666,151817.25,164396.91666666666,168745.0,38420.0,"Platteville, WI"
394503,592,"Corsicana, TX",msa,TX,,167450.54545454544,198002.16666666666,220829.91666666666,241215.7,18620.0,"Corsicana, TX"
394652,593,"Greenville, OH",msa,OH,109120.58333333333,126718.58333333333,144007.66666666666,163515.41666666666,171817.3,24820.0,"Greenville, OH"
395029,594,"Rochelle, IL",msa,IL,133279.5,147330.91666666666,157779.83333333334,155114.08333333334,159537.1,40300.0,"Rochelle, IL"
394933,597,"Oil City, PA",msa,PA,,,92730.1,103837.41666666667,104099.5,36340.0,"Oil City, PA"
394838,598,"Mason City, IA",msa,IA,120816.25,128673.58333333333,129823.66666666667,139298.16666666666,157977.5,32380.0,"Mason City, IA"
394625,600,"Galesburg, IL",msa,IL,84021.66666666667,83104.58333333333,85347.91666666667,92224.16666666667,100919.7,23660.0,"Galesburg, IL"
394954,601,"Pahrump, NV",msa,NV,238569.83333333334,250924.41666666666,298464.75,349039.3333333333,313442.0,37220.0,"Pahrump, NV"
394963,602,"Paris, TX",msa,TX,,,,,194172.875,37580.0,"Paris, TX"
395234,603,"Winona, MN",msa,MN,,,,,206309.0,49100.0,"Winona, MN"
753905,604,"Newport, OR",msa,OR,298032.0833333333,326894.3333333333,411419.1666666667,461391.5,455402.7,35440.0,"Newport, OR"
395091,606,"Shelbyville, TN",msa,TN,167966.58333333334,183601.16666666666,244322.16666666666,269300.6666666667,284120.7,43180.0,"Shelbyville, TN"
394326,607,"Amsterdam, NY",msa,NY,110118.41666666667,121284.83333333333,147033.5,162956.16666666666,170578.0,11220.0,"Amsterdam, NY"
394628,610,"Gardnerville Ranchos, NV",msa,NV,432790.9166666667,472669.75,589693.25,636102.75,637494.6,23820.0,"Gardnerville Ranchos, NV-CA"
394437,612,"Ca-on City, CO",msa,CO,207645.91666666666,235987.91666666666,297004.0,322242.25,333377.1,15860.0,"Caon City, CO"
394906,614,"New Castle, IN",msa,IN,102124.58333333333,106533.0,124614.75,137942.58333333334,151356.9,35220.0,"New Castle, IN"
394919,616,"Norfolk, NE",msa,NE,140317.08333333334,151438.08333333334,166235.75,171825.75,191962.9,35740.0,"Norfolk, NE"
394431,617,"Cadillac, MI",msa,MI,124695.91666666667,146076.33333333334,166595.33333333334,177876.5,202587.8,15620.0,"Cadillac, MI"
395097,619,"Sidney, OH",msa,OH,132043.83333333334,133312.75,149093.0,160041.75,168557.3,43380.0,"Sidney, OH"
395008,620,"Pullman, WA",msa,WA,,,,,356401.875,39420.0,"Pullman, WA"
394819,621,"Malone, NY",msa,NY,,,,,161782.875,26580.0,
394819,621,"Malone, NY",msa,NY,,,,,161782.875,33100.0,
395017,624,"Red Wing, MN",msa,MN,,,,,266389.75,39860.0,"Red Wing, MN"
395144,626,"Tahlequah, OK",msa,OK,117112.16666666667,141606.5,159401.58333333334,166089.33333333334,184043.9,45140.0,"Tahlequah, OK"
394739,627,"Kendallville, IN",msa,IN,136804.5,142024.66666666666,171180.58333333334,188775.5,204396.2,28340.0,"Kendallville, IN"
394876,628,"Montrose, CO",msa,CO,251169.75,279096.6666666667,388850.4166666667,448126.0833333333,451912.0,33940.0,"Montrose, CO"
394504,629,"Cortland, NY",msa,NY,120553.5,126583.75,147859.5,159941.58333333334,167831.8,18660.0,"Cortland, NY"
394887,630,"Mount Sterling, KY",msa,KY,119411.58333333333,129096.25,153324.41666666666,172047.41666666666,175961.6,34460.0,"Mount Sterling, KY"
394477,631,"Clinton, IA",msa,IA,106545.58333333333,109106.33333333333,117087.66666666667,141819.66666666666,137683.0,17540.0,"Clinton, IA"
753865,633,"Bardstown, KY",msa,KY,154638.75,174168.91666666666,196700.66666666666,229518.83333333334,229136.0,26580.0,
753865,633,"Bardstown, KY",msa,KY,154638.75,174168.91666666666,196700.66666666666,229518.83333333334,229136.0,33100.0,
395201,634,"Wapakoneta, OH",msa,OH,123753.25,132662.58333333334,144711.08333333334,164432.58333333334,170195.7,47540.0,"Wapakoneta, OH"
394987,635,"Plymouth, IN",msa,IN,,,,,214675.0,38500.0,"Plymouth, IN"
394379,637,"Bemidji, MN",msa,MN,,,,,225042.125,13420.0,"Bemidji, MN"
394377,638,"Bellefontaine, OH",msa,OH,146796.66666666666,158281.91666666666,155079.33333333334,175333.0,198407.4,13340.0,"Bellefontaine, OH"
395087,639,"Seymour, IN",msa,IN,131589.0,148882.25,163247.33333333334,176550.08333333334,191552.1,42980.0,"Seymour, IN"
394500,644,"Cornelia, GA",msa,GA,172507.25,201245.33333333334,232791.25,246517.08333333334,262376.6,18460.0,"Cornelia, GA"
753889,645,"Hillsdale, MI",msa,MI,124901.5,146717.08333333334,153355.75,175610.75,168393.3,25880.0,"Hillsdale, MI"
394427,649,"Burlington, IA",msa,IA,103759.58333333333,111381.33333333333,118927.16666666667,122804.58333333333,125454.0,15460.0,"Burlington, IA-IL"
394850,651,"Menomonie, WI",msa,WI,,198713.8,209334.08333333334,227556.0,245022.4,32860.0,"Menomonie, WI"
753918,652,"Shawano, WI",msa,WI,,145842.63636363635,158815.25,176243.5,199469.8,43020.0,"Shawano, WI"
394375,654,"Bedford, IN",msa,IN,123053.83333333333,138541.16666666666,156127.16666666666,166692.75,179307.4,13260.0,"Bedford, IN"
395208,656,"Washington, NC",msa,NC,165485.33333333334,192401.83333333334,205704.0,235632.66666666666,251705.4,47820.0,"Washington, NC"
394616,657,"Freeport, IL",msa,IL,95404.33333333333,90925.75,109648.0,128291.91666666667,118428.3,23300.0,"Freeport, IL"
394667,658,"Harrison, AR",msa,AR,119746.41666666667,138058.16666666666,172264.0,202277.08333333334,210317.5,25460.0,"Harrison, AR"
395037,659,"Rolla, MO",msa,MO,135140.75,153312.41666666666,167847.5,180483.5,191264.3,40620.0,"Rolla, MO"
394482,660,"Coldwater, MI",msa,MI,119809.58333333333,124601.08333333333,139961.58333333334,159177.58333333334,169411.7,17740.0,"Coldwater, MI"
753904,661,"Marion, NC",msa,NC,165733.66666666666,178526.0,196860.91666666666,229231.25,233649.9,32000.0,"Marion, NC"
394567,663,"Ellensburg, WA",msa,WA,314898.5833333333,363138.25,418342.6666666667,465876.5,485262.0,21260.0,"Ellensburg, WA"
394990,664,"Ponca City, OK",msa,OK,89101.66666666667,105963.41666666667,112069.0,120612.41666666667,123988.8,38620.0,"Ponca City, OK"
394779,665,"Lawrenceburg, TN",msa,TN,112621.0,140721.33333333334,171540.83333333334,193256.75,194504.5,29980.0,"Lawrenceburg, TN"
394842,666,"McAlester, OK",msa,OK,117471.16666666667,136581.08333333334,157385.91666666666,172112.75,168268.8,32540.0,"McAlester, OK"
395228,668,"Willmar, MN",msa,MN,157979.41666666666,178172.66666666666,186324.5,191361.91666666666,212662.3,48820.0,"Willmar, MN"
394895,670,"Muscatine, IA",msa,IA,,,149781.9090909091,164440.9090909091,181928.85714285713,34700.0,"Muscatine, IA"
394349,672,"Auburn, IN",msa,IN,138006.16666666666,147583.33333333334,167363.08333333334,180661.25,197882.7,12140.0,"Auburn, IN"
394545,673,"Duncan, OK",msa,OK,86214.75,103973.75,112157.66666666667,125356.83333333333,125113.1,20340.0,"Duncan, OK"
394448,675,"Cedartown, GA",msa,GA,107845.41666666667,127006.25,165168.0,188829.5,194621.3,16340.0,"Cedartown, GA"
394677,676,"Henderson, NC",msa,NC,106905.33333333333,129068.33333333333,154843.16666666666,180264.81818181818,179153.42857142858,25780.0,"Henderson, NC"
394297,677,"Aberdeen, SD",msa,SD,,,,,213863.14285714287,10100.0,"Aberdeen, SD"
395032,678,"Rock Springs, WY",msa,WY,,230360.1,234999.83333333334,236294.66666666666,258350.9,40540.0,"Rock Springs, WY"
394627,679,"Garden City, KS",msa,KS,,,,,239035.5,23780.0,"Garden City, KS"
395129,680,"Stephenville, TX",msa,TX,162873.25,197814.91666666666,233795.0,267491.1666666667,264789.2,44500.0,"Stephenville, TX"
394449,681,"Celina, OH",msa,OH,,,,,183952.22222222222,16380.0,"Celina, OH"
395230,682,"Wilmington, OH",msa,OH,127913.58333333333,140118.41666666666,147168.33333333334,166641.75,176211.1,48940.0,"Wilmington, OH"
394424,683,"Bucyrus, OH",msa,OH,79236.91666666667,82221.0,103231.91666666667,119447.91666666667,116345.0,15340.0,"Bucyrus, OH"
394891,686,"Mountain Home, AR",msa,AR,136460.25,152619.33333333334,169557.5,179261.66666666666,194680.1,34260.0,"Mountain Home, AR"
394624,687,"Gainesville, TX",msa,TX,201981.0,229498.0,265066.4166666667,277721.5833333333,292764.3,23620.0,"Gainesville, TX"
394845,690,"McMinnville, TN",msa,TN,121882.0,137607.58333333334,170787.41666666666,195905.75,207147.6,32660.0,"McMinnville, TN"
394341,691,"Astoria, OR",msa,OR,314724.3333333333,357532.75,427309.5833333333,484860.6666666667,478437.0,11820.0,"Astoria, OR"
394409,692,"Bradford, PA",msa,PA,,72110.625,72402.91666666667,93581.25,101859.8,14620.0,"Bradford, PA"
394833,696,"Marshalltown, IA",msa,IA,,,,,159604.22222222222,32260.0,"Marshalltown, IA"
394384,697,"Big Rapids, MI",msa,MI,117722.25,145203.75,151662.75,173877.41666666666,174420.1,13660.0,"Big Rapids, MI"
394354,698,"Austin, MN",msa,MN,113475.5,128490.5,144570.83333333334,156669.25,170454.3,12380.0,"Austin, MN"
395219,700,"West Plains, MO",msa,MO,,135235.3,153260.16666666666,169391.0,180842.4,48460.0,"West Plains, MO"
394934,701,"Okeechobee, FL",msa,FL,143684.33333333334,162453.08333333334,188854.33333333334,230454.66666666666,204430.9,36380.0,"Okeechobee, FL"
394476,704,"Clewiston, FL",msa,FL,,149015.54545454544,126766.91666666667,114533.58333333333,98961.0,17500.0,"Clewiston, FL"
395026,705,"Riverton, WY",msa,WY,,,,,281936.0,40180.0,"Riverton, WY"
394981,708,"Pittsburg, KS",msa,KS,,,,,124196.66666666667,38260.0,"Pittsburg, KS"
394663,709,"Hannibal, MO",msa,MO,,134162.6,143905.33333333334,148867.0,145633.4,25300.0,"Hannibal, MO"
394315,711,"Alexandria, MN",msa,MN,207282.41666666666,229228.66666666666,236424.16666666666,253369.25,259896.4,10820.0,"Alexandria, MN"
395178,712,"Urbana, OH",msa,OH,128839.16666666667,136491.08333333334,160474.25,178872.83333333334,183089.0,46500.0,"Urbana, OH"
394434,714,"Cambridge, OH",msa,OH,98585.58333333333,112064.33333333333,124819.91666666667,136366.5,131914.5,15740.0,"Cambridge, OH"
394526,716,"Defiance, OH",msa,OH,,112474.36363636363,126670.83333333333,138960.0,145354.1,19580.0,"Defiance, OH"
394715,719,"Jacksonville, IL",msa,IL,98314.41666666667,98945.58333333333,99466.33333333333,105467.16666666667,109717.1,27300.0,"Jacksonville, IL"
394300,720,"Ada, OK",msa,OK,129359.66666666667,137331.08333333334,148925.16666666666,165287.25,174422.7,10220.0,"Ada, OK"
394422,721,"Brownwood, TX",msa,TX,,141090.0,176100.0,183681.66666666666,196027.4,15220.0,"Brownwood, TX"
394507,722,"Crawfordsville, IN",msa,IN,124366.58333333333,138786.41666666666,157438.16666666666,163608.0,170374.3,18820.0,"Crawfordsville, IN"
395072,724,"Scottsbluff, NE",msa,NE,133882.58333333334,132174.83333333334,146088.66666666666,158989.08333333334,163813.8,42420.0,"Scottsbluff, NE"
394451,728,"Centralia, IL",msa,IL,,79207.2,86965.25,88910.58333333333,102524.2,16460.0,"Centralia, IL"
394554,729,"Easton, MD",msa,MD,330466.1666666667,387303.5,406898.0833333333,396844.8333333333,419909.5,20660.0,"Easton, MD"
394888,731,"Mount Vernon, IL",msa,IL,89913.81818181818,103815.0,115426.66666666667,119370.58333333333,121149.3,34500.0,"Mount Vernon, IL"
395069,738,"Sault Ste. Marie, MI",msa,MI,,,,,154291.16666666666,42300.0,"Sault Ste. Marie, MI"
394573,742,"Escanaba, MI",msa,MI,,,,,142983.66666666666,21540.0,"Escanaba, MI"
394745,744,"Kill Devil Hills, NC",msa,NC,325599.5,356702.5,443901.75,523487.5833333333,540025.8,28620.0,"Kill Devil Hills, NC"
394702,746,"Hutchinson, MN",msa,MN,175057.58333333334,182596.16666666666,209887.25,231102.08333333334,243093.2,26780.0,"Hutchinson, MN"
394506,747,"Coshocton, OH",msa,OH,92685.25,105657.5,114109.08333333333,127828.75,127649.5,18740.0,"Coshocton, OH"
394696,748,"Huntington, IN",msa,IN,123765.27272727272,119608.33333333333,136790.0,152213.08333333334,161143.8,26540.0,"Huntington, IN"
394992,754,"Pontiac, IL",msa,IL,,96278.4,112040.66666666667,119276.5,125287.1,38700.0,"Pontiac, IL"
394781,755,"Lebanon, MO",msa,MO,130298.66666666667,135031.83333333334,166292.16666666666,179129.91666666666,179460.6,30060.0,"Lebanon, MO"
395187,760,"Vernal, UT",msa,UT,178893.45454545456,201805.75,199489.83333333334,246260.83333333334,286471.1,46860.0,"Vernal, UT"
394947,762,"Ottumwa, IA",msa,IA,85123.0,101523.75,108376.08333333333,120737.91666666667,122227.0,36900.0,"Ottumwa, IA"
394430,764,"Butte, MT",msa,MT,,,,,273459.3333333333,15580.0,"Butte-Silver Bow, MT"
394713,768,"Jackson, WY",msa,WY,,,,,1228170.888888889,27220.0,"Jackson, WY-ID"
394557,771,"Effingham, IL",msa,IL,,144926.7,150124.91666666666,138259.58333333334,155240.9,20820.0,"Effingham, IL"
395211,773,"Watertown, SD",msa,SD,,,,,266607.3333333333,47980.0,"Watertown, SD"
394331,774,"Angola, IN",msa,IN,175056.66666666666,208854.66666666666,225269.58333333334,246317.66666666666,271366.3,11420.0,"Angola, IN"
394535,775,"Dixon, IL",msa,IL,,,,,134172.25,19940.0,"Dixon, IL"
395150,781,"Taylorville, IL",msa,IL,,80875.875,91000.25,99214.08333333333,97063.9,45380.0,"Taylorville, IL"
395084,784,"Seneca Falls, NY",msa,NY,,127881.83333333333,151532.91666666666,171733.5,174975.4,42900.0,"Seneca Falls, NY"
394815,791,"Madison, IN",msa,IN,,,,,209382.33333333334,31500.0,"Madison, IN"
394414,792,"Brevard, NC",msa,NC,267722.75,301503.6666666667,352512.5833333333,370467.6666666667,409415.5,14820.0,"Brevard, NC"
395141,793,"Susanville, CA",msa,CA,184117.33333333334,190967.08333333334,253247.66666666666,282329.4166666667,252975.4,45000.0,"Susanville, CA"
753878,797,"Dayton, TN",msa,TN,137417.75,159344.0,187744.66666666666,214106.25,240156.1,26580.0,
753878,797,"Dayton, TN",msa,TN,137417.75,159344.0,187744.66666666666,214106.25,240156.1,33100.0,
394433,799,"Cambridge, MD",msa,MD,159955.66666666666,188152.08333333334,227641.25,254019.91666666666,235567.3,15700.0,"Cambridge, MD"
395196,810,"Wabash, IN",msa,IN,110642.9,124728.41666666667,133526.58333333334,134273.41666666666,143769.7,47340.0,"Wabash, IN"
753871,811,"Breckenridge, CO",msa,CO,582638.1666666666,626764.8333333334,761357.5,913923.0,930896.5,14720.0,"Breckenridge, CO"
394310,814,"Albert Lea, MN",msa,MN,,,,,169720.0,10660.0,"Albert Lea, MN"
394708,818,"Iron Mountain, MI",msa,MI,,,132757.72727272726,154849.91666666666,163955.8,27020.0,"Iron Mountain, MI-WI"
753901,822,"Ludington, MI",msa,MI,142320.41666666666,165844.16666666666,184365.16666666666,220145.0,210875.6,31220.0,"Ludington, MI"
394320,824,"Alpena, MI",msa,MI,,114007.14285714286,131225.16666666666,147008.16666666666,160568.3,10980.0,"Alpena, MI"
395206,825,"Washington Court House, OH",msa,OH,116900.16666666667,130314.16666666667,139011.41666666666,168009.75,162514.3,47920.0,"Washington Court House, OH"
394606,827,"Fort Morgan, CO",msa,CO,,,,,323288.1666666667,22820.0,"Fort Morgan, CO"
395185,828,"Van Wert, OH",msa,OH,,95774.5,108450.91666666667,126400.58333333333,132919.3,46780.0,"Van Wert, OH"
394795,834,"Lincoln, IL",msa,IL,88017.09090909091,103304.08333333333,93961.5,101721.91666666667,104205.0,30660.0,"Lincoln, IL"
394812,838,"Macomb, IL",msa,IL,,86132.7,87982.33333333333,86837.75,86279.2,31380.0,"Macomb, IL"
394921,841,"North Vernon, IN",msa,IN,,,,,174463.0,26580.0,
394921,841,"North Vernon, IN",msa,IN,,,,,174463.0,33100.0,
753923,849,"The Dalles, OR",msa,OR,,,,,367244.0,45520.0,"The Dalles, OR"
394649,850,"Greensburg, IN",msa,IN,,,,,199762.0,24700.0,"Greensburg, IN"
394322,864,"Altus, OK",msa,OK,,,,,165565.125,11060.0,"Altus, OK"
394805,916,"Los Alamos, NM",msa,NM,,,,,542990.5,31060.0,"Los Alamos, NM"
395112,922,"Spirit Lake, IA",msa,IA,,,,,361896.125,44020.0,"Spirit Lake, IA"
